GO
SET IDENTITY_INSERT [dbo].[Accounts] ON 
INSERT [dbo].[Accounts] ([AccountsId], [CompanyId], [Revenue], [OperationalCost], [Month], [Year]) VALUES (1, 1, 472973.96095409105, 587.03842507071727, 1, 2000)
INSERT [dbo].[Accounts] ([AccountsId], [CompanyId], [Revenue], [OperationalCost], [Month], [Year]) VALUES (2, 2, 45025.615136165463, 1395.1624247222965, 2, 2001)
INSERT [dbo].[Accounts] ([AccountsId], [CompanyId], [Revenue], [OperationalCost], [Month], [Year]) VALUES (3, 3, 456944.43869902071, 1729.9733216548214, 3, 2002)
INSERT [dbo].[Accounts] ([AccountsId], [CompanyId], [Revenue], [OperationalCost], [Month], [Year]) VALUES (4, 4, 906041.9185002204, 396.97996638574637, 4, 2003)
INSERT [dbo].[Accounts] ([AccountsId], [CompanyId], [Revenue], [OperationalCost], [Month], [Year]) VALUES (5, 5, 172458.88143553952, 1120.9807466347613, 5, 2004)
INSERT [dbo].[Accounts] ([AccountsId], [CompanyId], [Revenue], [OperationalCost], [Month], [Year]) VALUES (6, 6, 171843.32029927397, 361.15642933228821, 6, 2005)
INSERT [dbo].[Accounts] ([AccountsId], [CompanyId], [Revenue], [OperationalCost], [Month], [Year]) VALUES (7, 7, 834666.4397600817, 500.39431755449357, 7, 2006)
INSERT [dbo].[Accounts] ([AccountsId], [CompanyId], [Revenue], [OperationalCost], [Month], [Year]) VALUES (8, 8, 960709.27293809655, 1894.4621635109475, 8, 2007)
INSERT [dbo].[Accounts] ([AccountsId], [CompanyId], [Revenue], [OperationalCost], [Month], [Year]) VALUES (9, 9, 338499.27591685363, 697.399708767142, 9, 2008)
INSERT [dbo].[Accounts] ([AccountsId], [CompanyId], [Revenue], [OperationalCost], [Month], [Year]) VALUES (10, 10, 330033.2051347486, 759.915501233151, 10, 2009)
INSERT [dbo].[Accounts] ([AccountsId], [CompanyId], [Revenue], [OperationalCost], [Month], [Year]) VALUES (11, 1, 396002.10197490366, 1004.1957371887731, 11, 2010)
INSERT [dbo].[Accounts] ([AccountsId], [CompanyId], [Revenue], [OperationalCost], [Month], [Year]) VALUES (12, 2, 55268.024790924981, 1618.9160717739333, 12, 2011)
INSERT [dbo].[Accounts] ([AccountsId], [CompanyId], [Revenue], [OperationalCost], [Month], [Year]) VALUES (13, 3, 194701.06350872063, 1390.02449875233, 1, 2012)
INSERT [dbo].[Accounts] ([AccountsId], [CompanyId], [Revenue], [OperationalCost], [Month], [Year]) VALUES (14, 4, 192400.4159784822, 60.555372415369085, 2, 2013)
INSERT [dbo].[Accounts] ([AccountsId], [CompanyId], [Revenue], [OperationalCost], [Month], [Year]) VALUES (15, 5, 681872.91007307777, 164.13370061858265, 3, 2014)
INSERT [dbo].[Accounts] ([AccountsId], [CompanyId], [Revenue], [OperationalCost], [Month], [Year]) VALUES (16, 6, 900105.94017568044, 1807.8593592196048, 4, 2015)
INSERT [dbo].[Accounts] ([AccountsId], [CompanyId], [Revenue], [OperationalCost], [Month], [Year]) VALUES (17, 7, 486370.80708438705, 246.89472850733191, 5, 2016)
INSERT [dbo].[Accounts] ([AccountsId], [CompanyId], [Revenue], [OperationalCost], [Month], [Year]) VALUES (18, 8, 815357.32950490445, 1710.6901247569779, 6, 2017)
INSERT [dbo].[Accounts] ([AccountsId], [CompanyId], [Revenue], [OperationalCost], [Month], [Year]) VALUES (19, 9, 974956.92854806816, 1516.7846165209937, 7, 2018)
INSERT [dbo].[Accounts] ([AccountsId], [CompanyId], [Revenue], [OperationalCost], [Month], [Year]) VALUES (20, 10, 573887.5410669304, 952.41288046930583, 8, 2019)
INSERT [dbo].[Accounts] ([AccountsId], [CompanyId], [Revenue], [OperationalCost], [Month], [Year]) VALUES (21, 1, 278555.70225831436, 431.03904669687108, 9, 2000)
INSERT [dbo].[Accounts] ([AccountsId], [CompanyId], [Revenue], [OperationalCost], [Month], [Year]) VALUES (22, 2, 546800.23385351489, 1168.1237514913657, 10, 2001)
INSERT [dbo].[Accounts] ([AccountsId], [CompanyId], [Revenue], [OperationalCost], [Month], [Year]) VALUES (23, 3, 850971.34258249239, 997.83441284570586, 11, 2002)
INSERT [dbo].[Accounts] ([AccountsId], [CompanyId], [Revenue], [OperationalCost], [Month], [Year]) VALUES (24, 4, 875441.45255145128, 161.32567271651965, 12, 2003)
INSERT [dbo].[Accounts] ([AccountsId], [CompanyId], [Revenue], [OperationalCost], [Month], [Year]) VALUES (25, 5, 778026.25350871694, 1987.9182483944662, 1, 2004)
INSERT [dbo].[Accounts] ([AccountsId], [CompanyId], [Revenue], [OperationalCost], [Month], [Year]) VALUES (26, 6, 601336.52672507265, 911.66634806975094, 2, 2005)
INSERT [dbo].[Accounts] ([AccountsId], [CompanyId], [Revenue], [OperationalCost], [Month], [Year]) VALUES (27, 7, 391493.72582652967, 1026.6271005508615, 3, 2006)
INSERT [dbo].[Accounts] ([AccountsId], [CompanyId], [Revenue], [OperationalCost], [Month], [Year]) VALUES (28, 8, 503357.0050668451, 1092.8883231677526, 4, 2007)
INSERT [dbo].[Accounts] ([AccountsId], [CompanyId], [Revenue], [OperationalCost], [Month], [Year]) VALUES (29, 9, 585199.28926808073, 750.90884452262378, 5, 2008)
INSERT [dbo].[Accounts] ([AccountsId], [CompanyId], [Revenue], [OperationalCost], [Month], [Year]) VALUES (30, 10, 940070.50106860441, 994.37744402996145, 6, 2009)
INSERT [dbo].[Accounts] ([AccountsId], [CompanyId], [Revenue], [OperationalCost], [Month], [Year]) VALUES (31, 1, 248154.6761230038, 589.31559817367963, 7, 2010)
INSERT [dbo].[Accounts] ([AccountsId], [CompanyId], [Revenue], [OperationalCost], [Month], [Year]) VALUES (32, 2, 350866.79745866812, 487.09530312898352, 8, 2011)
INSERT [dbo].[Accounts] ([AccountsId], [CompanyId], [Revenue], [OperationalCost], [Month], [Year]) VALUES (33, 3, 720562.72250016534, 1007.0875301058812, 9, 2012)
INSERT [dbo].[Accounts] ([AccountsId], [CompanyId], [Revenue], [OperationalCost], [Month], [Year]) VALUES (34, 4, 264393.9413037835, 127.51129927463425, 10, 2013)
INSERT [dbo].[Accounts] ([AccountsId], [CompanyId], [Revenue], [OperationalCost], [Month], [Year]) VALUES (35, 5, 483713.48227214278, 1380.4666872045334, 11, 2014)
INSERT [dbo].[Accounts] ([AccountsId], [CompanyId], [Revenue], [OperationalCost], [Month], [Year]) VALUES (36, 6, 239757.56327778733, 1785.955276240574, 12, 2015)
INSERT [dbo].[Accounts] ([AccountsId], [CompanyId], [Revenue], [OperationalCost], [Month], [Year]) VALUES (37, 7, 142322.29486378809, 1030.8844228418936, 1, 2016)
INSERT [dbo].[Accounts] ([AccountsId], [CompanyId], [Revenue], [OperationalCost], [Month], [Year]) VALUES (38, 8, 877502.87772060686, 851.00192150613384, 2, 2017)
INSERT [dbo].[Accounts] ([AccountsId], [CompanyId], [Revenue], [OperationalCost], [Month], [Year]) VALUES (39, 9, 226989.92497197815, 1713.7951430463211, 3, 2018)
INSERT [dbo].[Accounts] ([AccountsId], [CompanyId], [Revenue], [OperationalCost], [Month], [Year]) VALUES (40, 10, 203368.4980223889, 1321.7288029015663, 4, 2019)
INSERT [dbo].[Accounts] ([AccountsId], [CompanyId], [Revenue], [OperationalCost], [Month], [Year]) VALUES (41, 1, 949788.685876346, 1616.4340989740724, 5, 2000)
INSERT [dbo].[Accounts] ([AccountsId], [CompanyId], [Revenue], [OperationalCost], [Month], [Year]) VALUES (42, 2, 772056.75049214985, 1098.888050345186, 6, 2001)
INSERT [dbo].[Accounts] ([AccountsId], [CompanyId], [Revenue], [OperationalCost], [Month], [Year]) VALUES (43, 3, 412629.74438744818, 1670.7956500681096, 7, 2002)
INSERT [dbo].[Accounts] ([AccountsId], [CompanyId], [Revenue], [OperationalCost], [Month], [Year]) VALUES (44, 4, 518303.14771202864, 1225.8869713292861, 8, 2003)
INSERT [dbo].[Accounts] ([AccountsId], [CompanyId], [Revenue], [OperationalCost], [Month], [Year]) VALUES (45, 5, 706722.327573714, 977.61176572070076, 9, 2004)
INSERT [dbo].[Accounts] ([AccountsId], [CompanyId], [Revenue], [OperationalCost], [Month], [Year]) VALUES (46, 6, 481856.23035096942, 873.37080523063, 10, 2005)
INSERT [dbo].[Accounts] ([AccountsId], [CompanyId], [Revenue], [OperationalCost], [Month], [Year]) VALUES (47, 7, 79686.978652834892, 715.64868498390945, 11, 2006)
INSERT [dbo].[Accounts] ([AccountsId], [CompanyId], [Revenue], [OperationalCost], [Month], [Year]) VALUES (48, 8, 629570.04819218628, 1008.4129446225301, 12, 2007)
INSERT [dbo].[Accounts] ([AccountsId], [CompanyId], [Revenue], [OperationalCost], [Month], [Year]) VALUES (49, 9, 221533.47485397683, 879.812336005183, 1, 2008)
INSERT [dbo].[Accounts] ([AccountsId], [CompanyId], [Revenue], [OperationalCost], [Month], [Year]) VALUES (50, 10, 675209.6283126527, 1235.645705478101, 2, 2009)
INSERT [dbo].[Accounts] ([AccountsId], [CompanyId], [Revenue], [OperationalCost], [Month], [Year]) VALUES (51, 1, 688076.82006809476, 1517.2227590890707, 3, 2010)
INSERT [dbo].[Accounts] ([AccountsId], [CompanyId], [Revenue], [OperationalCost], [Month], [Year]) VALUES (52, 2, 676463.50887877564, 141.65639045725408, 4, 2011)
INSERT [dbo].[Accounts] ([AccountsId], [CompanyId], [Revenue], [OperationalCost], [Month], [Year]) VALUES (53, 3, 614201.06773855689, 1600.2057388425833, 5, 2012)
INSERT [dbo].[Accounts] ([AccountsId], [CompanyId], [Revenue], [OperationalCost], [Month], [Year]) VALUES (54, 4, 728990.45926059573, 198.29757707114217, 6, 2013)
INSERT [dbo].[Accounts] ([AccountsId], [CompanyId], [Revenue], [OperationalCost], [Month], [Year]) VALUES (55, 5, 397499.58866032708, 1591.2048516754082, 7, 2014)
INSERT [dbo].[Accounts] ([AccountsId], [CompanyId], [Revenue], [OperationalCost], [Month], [Year]) VALUES (56, 6, 926172.72710057616, 1418.9146735793515, 8, 2015)
INSERT [dbo].[Accounts] ([AccountsId], [CompanyId], [Revenue], [OperationalCost], [Month], [Year]) VALUES (57, 7, 194053.27255367316, 397.32801187659055, 9, 2016)
INSERT [dbo].[Accounts] ([AccountsId], [CompanyId], [Revenue], [OperationalCost], [Month], [Year]) VALUES (58, 8, 581501.98614756949, 1568.6476489383019, 10, 2017)
INSERT [dbo].[Accounts] ([AccountsId], [CompanyId], [Revenue], [OperationalCost], [Month], [Year]) VALUES (59, 9, 128115.66499150342, 409.0617179912802, 11, 2018)
INSERT [dbo].[Accounts] ([AccountsId], [CompanyId], [Revenue], [OperationalCost], [Month], [Year]) VALUES (60, 10, 571121.35471046681, 209.31439856501035, 12, 2019)
INSERT [dbo].[Accounts] ([AccountsId], [CompanyId], [Revenue], [OperationalCost], [Month], [Year]) VALUES (61, 1, 780348.59447274427, 1334.5293287814266, 1, 2000)
INSERT [dbo].[Accounts] ([AccountsId], [CompanyId], [Revenue], [OperationalCost], [Month], [Year]) VALUES (62, 2, 331409.4346932366, 1407.5059943867409, 2, 2001)
INSERT [dbo].[Accounts] ([AccountsId], [CompanyId], [Revenue], [OperationalCost], [Month], [Year]) VALUES (63, 3, 375609.98367001582, 1143.5533189883238, 3, 2002)
INSERT [dbo].[Accounts] ([AccountsId], [CompanyId], [Revenue], [OperationalCost], [Month], [Year]) VALUES (64, 4, 398427.77484824916, 1703.0222647371807, 4, 2003)
INSERT [dbo].[Accounts] ([AccountsId], [CompanyId], [Revenue], [OperationalCost], [Month], [Year]) VALUES (65, 5, 81978.529011744788, 170.59990305947133, 5, 2004)
INSERT [dbo].[Accounts] ([AccountsId], [CompanyId], [Revenue], [OperationalCost], [Month], [Year]) VALUES (66, 6, 45235.304516235512, 517.10043405978956, 6, 2005)
INSERT [dbo].[Accounts] ([AccountsId], [CompanyId], [Revenue], [OperationalCost], [Month], [Year]) VALUES (67, 7, 334704.30229075969, 611.82854166805214, 7, 2006)
INSERT [dbo].[Accounts] ([AccountsId], [CompanyId], [Revenue], [OperationalCost], [Month], [Year]) VALUES (68, 8, 930306.122204937, 1262.5131994776955, 8, 2007)
INSERT [dbo].[Accounts] ([AccountsId], [CompanyId], [Revenue], [OperationalCost], [Month], [Year]) VALUES (69, 9, 708685.93370633945, 680.08868521083559, 9, 2008)
INSERT [dbo].[Accounts] ([AccountsId], [CompanyId], [Revenue], [OperationalCost], [Month], [Year]) VALUES (70, 10, 442215.34679529042, 378.1784243780088, 10, 2009)
INSERT [dbo].[Accounts] ([AccountsId], [CompanyId], [Revenue], [OperationalCost], [Month], [Year]) VALUES (71, 1, 757883.64531189238, 776.97493637771106, 11, 2010)
INSERT [dbo].[Accounts] ([AccountsId], [CompanyId], [Revenue], [OperationalCost], [Month], [Year]) VALUES (72, 2, 608866.92936378007, 1395.892807001198, 12, 2011)
INSERT [dbo].[Accounts] ([AccountsId], [CompanyId], [Revenue], [OperationalCost], [Month], [Year]) VALUES (73, 3, 588467.40453292639, 1996.894981710657, 1, 2012)
INSERT [dbo].[Accounts] ([AccountsId], [CompanyId], [Revenue], [OperationalCost], [Month], [Year]) VALUES (74, 4, 771688.43052567926, 195.05581361942731, 2, 2013)
INSERT [dbo].[Accounts] ([AccountsId], [CompanyId], [Revenue], [OperationalCost], [Month], [Year]) VALUES (75, 5, 624097.85519058432, 1335.9787814952335, 3, 2014)
GO
INSERT [dbo].[Accounts] ([AccountsId], [CompanyId], [Revenue], [OperationalCost], [Month], [Year]) VALUES (76, 6, 506497.95176616445, 1332.1509963516849, 4, 2015)
INSERT [dbo].[Accounts] ([AccountsId], [CompanyId], [Revenue], [OperationalCost], [Month], [Year]) VALUES (77, 7, 134270.48946606671, 1497.3281014232562, 5, 2016)
INSERT [dbo].[Accounts] ([AccountsId], [CompanyId], [Revenue], [OperationalCost], [Month], [Year]) VALUES (78, 8, 332768.19487046369, 1771.9474415164195, 6, 2017)
INSERT [dbo].[Accounts] ([AccountsId], [CompanyId], [Revenue], [OperationalCost], [Month], [Year]) VALUES (79, 9, 168819.12497773726, 1183.7139069958189, 7, 2018)
INSERT [dbo].[Accounts] ([AccountsId], [CompanyId], [Revenue], [OperationalCost], [Month], [Year]) VALUES (80, 10, 296270.02315774746, 1114.5474431638361, 8, 2019)
INSERT [dbo].[Accounts] ([AccountsId], [CompanyId], [Revenue], [OperationalCost], [Month], [Year]) VALUES (81, 1, 521749.54807223781, 196.01766308584143, 9, 2000)
INSERT [dbo].[Accounts] ([AccountsId], [CompanyId], [Revenue], [OperationalCost], [Month], [Year]) VALUES (82, 2, 761922.67763434339, 18.2141559283315, 10, 2001)
INSERT [dbo].[Accounts] ([AccountsId], [CompanyId], [Revenue], [OperationalCost], [Month], [Year]) VALUES (83, 3, 281923.53021286824, 213.07598716256953, 11, 2002)
INSERT [dbo].[Accounts] ([AccountsId], [CompanyId], [Revenue], [OperationalCost], [Month], [Year]) VALUES (84, 4, 909988.660955428, 1515.2631390445229, 12, 2003)
INSERT [dbo].[Accounts] ([AccountsId], [CompanyId], [Revenue], [OperationalCost], [Month], [Year]) VALUES (85, 5, 252093.68100050962, 1477.1546849408908, 1, 2004)
INSERT [dbo].[Accounts] ([AccountsId], [CompanyId], [Revenue], [OperationalCost], [Month], [Year]) VALUES (86, 6, 571690.16724422819, 447.65920771642556, 2, 2005)
INSERT [dbo].[Accounts] ([AccountsId], [CompanyId], [Revenue], [OperationalCost], [Month], [Year]) VALUES (87, 7, 736664.72972011124, 886.88956428640029, 3, 2006)
INSERT [dbo].[Accounts] ([AccountsId], [CompanyId], [Revenue], [OperationalCost], [Month], [Year]) VALUES (88, 8, 991571.26323956961, 808.789953034739, 4, 2007)
INSERT [dbo].[Accounts] ([AccountsId], [CompanyId], [Revenue], [OperationalCost], [Month], [Year]) VALUES (89, 9, 866893.35264345643, 536.30644759922586, 5, 2008)
INSERT [dbo].[Accounts] ([AccountsId], [CompanyId], [Revenue], [OperationalCost], [Month], [Year]) VALUES (90, 10, 557539.75517156662, 1961.5520136251823, 6, 2009)
INSERT [dbo].[Accounts] ([AccountsId], [CompanyId], [Revenue], [OperationalCost], [Month], [Year]) VALUES (91, 1, 45804.290724114187, 1388.6272643639832, 7, 2010)
INSERT [dbo].[Accounts] ([AccountsId], [CompanyId], [Revenue], [OperationalCost], [Month], [Year]) VALUES (92, 2, 560819.30871621857, 1462.2367739035919, 8, 2011)
INSERT [dbo].[Accounts] ([AccountsId], [CompanyId], [Revenue], [OperationalCost], [Month], [Year]) VALUES (93, 3, 749487.21272910351, 441.94020351485358, 9, 2012)
INSERT [dbo].[Accounts] ([AccountsId], [CompanyId], [Revenue], [OperationalCost], [Month], [Year]) VALUES (94, 4, 655867.57026151125, 1504.4807444813107, 10, 2013)
INSERT [dbo].[Accounts] ([AccountsId], [CompanyId], [Revenue], [OperationalCost], [Month], [Year]) VALUES (95, 5, 423018.90354964457, 1987.1994741201397, 11, 2014)
INSERT [dbo].[Accounts] ([AccountsId], [CompanyId], [Revenue], [OperationalCost], [Month], [Year]) VALUES (96, 6, 618479.25118310947, 208.92810458733146, 12, 2015)
INSERT [dbo].[Accounts] ([AccountsId], [CompanyId], [Revenue], [OperationalCost], [Month], [Year]) VALUES (97, 7, 396546.766822134, 1955.3347313568622, 1, 2016)
INSERT [dbo].[Accounts] ([AccountsId], [CompanyId], [Revenue], [OperationalCost], [Month], [Year]) VALUES (98, 8, 14301.96953919901, 1967.7733853309292, 2, 2017)
INSERT [dbo].[Accounts] ([AccountsId], [CompanyId], [Revenue], [OperationalCost], [Month], [Year]) VALUES (99, 9, 436424.61870028387, 1055.2870682698149, 3, 2018)
INSERT [dbo].[Accounts] ([AccountsId], [CompanyId], [Revenue], [OperationalCost], [Month], [Year]) VALUES (100, 10, 661587.02305747848, 460.51133166091114, 4, 2019)
SET IDENTITY_INSERT [dbo].[Accounts] OFF
SET IDENTITY_INSERT [dbo].[Company] ON 

INSERT [dbo].[Company] ([CompanyId], [CompanyNameId], [City], [Street], [BuildingNumber], [PostalCode], [PhoneNumber], [EmailAddress]) VALUES (1, 5, N'Peterborough', N'31 Nobel Way', 234, N'70-779', N'142641401', N'ilqrowrn@kwqxgfpn.edu')
INSERT [dbo].[Company] ([CompanyId], [CompanyNameId], [City], [Street], [BuildingNumber], [PostalCode], [PhoneNumber], [EmailAddress]) VALUES (2, 12, N'Exeter', N'70 White Clardon Drive', 136, N'27-808', N'792855165', N'gftqj.kvaxvq@baxjzday.pl')
INSERT [dbo].[Company] ([CompanyId], [CompanyNameId], [City], [Street], [BuildingNumber], [PostalCode], [PhoneNumber], [EmailAddress]) VALUES (3, 5, N'Blackburn', N'84 Milton St.', 99, N'64-575', N'804806474', N'cpwme@qocfwbfj.pl')
INSERT [dbo].[Company] ([CompanyId], [CompanyNameId], [City], [Street], [BuildingNumber], [PostalCode], [PhoneNumber], [EmailAddress]) VALUES (4, 7, N'Huddersfield', N'85 Green Milton Way', 294, N'85-362', N'323772848', N'qvmoffwgif.uhsao@qvfkdjfc.pl')
INSERT [dbo].[Company] ([CompanyId], [CompanyNameId], [City], [Street], [BuildingNumber], [PostalCode], [PhoneNumber], [EmailAddress]) VALUES (5, 20, N'Milton Keynes', N'219 Hague St.', 101, N'70-079', N'857309134', N'dwequ.qgokrq@craztumw.pl')
INSERT [dbo].[Company] ([CompanyId], [CompanyNameId], [City], [Street], [BuildingNumber], [PostalCode], [PhoneNumber], [EmailAddress]) VALUES (6, 7, N'Bradford', N'720 Green Clardon Road', 278, N'46-245', N'972151863', N'snxfsdj@clbwwxzb.edu')
INSERT [dbo].[Company] ([CompanyId], [CompanyNameId], [City], [Street], [BuildingNumber], [PostalCode], [PhoneNumber], [EmailAddress]) VALUES (7, 4, N'Middlesbrough', N'42 Milton Drive', 153, N'74-456', N'950587971', N'izfh3@iojgjsyh.net')
INSERT [dbo].[Company] ([CompanyId], [CompanyNameId], [City], [Street], [BuildingNumber], [PostalCode], [PhoneNumber], [EmailAddress]) VALUES (8, 14, N'Kingston upon Hull', N'69 Cowley Bevard', 53, N'94-120', N'928165551', N'ycfhuqvqqd@lcnctiqx.com')
INSERT [dbo].[Company] ([CompanyId], [CompanyNameId], [City], [Street], [BuildingNumber], [PostalCode], [PhoneNumber], [EmailAddress]) VALUES (9, 16, N'Sutton Coldfield', N'480 Clardon Blvd.', 48, N'56-169', N'135567761', N'duirw9@yxdrubeo.pl')
INSERT [dbo].[Company] ([CompanyId], [CompanyNameId], [City], [Street], [BuildingNumber], [PostalCode], [PhoneNumber], [EmailAddress]) VALUES (10, 5, N'Middlesbrough', N'99 Oak Parway', 105, N'68-288', N'752250446', N'vfclsx@fyierhbm.pl')


SET IDENTITY_INSERT [dbo].[Company] OFF
SET IDENTITY_INSERT [dbo].[Complaint] ON 

INSERT [dbo].[Complaint] ([ComplaintId], [PersonId], [TicketCollectorId], [Justification], [ArrivalDate], [ComplaintStatusId]) VALUES (1, 18, 70, N'your Lorem here text your Domine et here Ipsum Lorem text Ipsum Lorem Lorem Lorem Domine Enter Lorem', CAST(N'2014-12-19T19:29:29.3839446' AS DateTime2), 1)
INSERT [dbo].[Complaint] ([ComplaintId], [PersonId], [TicketCollectorId], [Justification], [ArrivalDate], [ComplaintStatusId]) VALUES (2, 4, NULL, N'here text Enter Lorem Lorem Ipsum Ipsum text Lorem Enter et text Ipsum Enter here et Ipsum Domine your Lorem', CAST(N'2009-06-25T17:05:26.1098403' AS DateTime2), 2)
INSERT [dbo].[Complaint] ([ComplaintId], [PersonId], [TicketCollectorId], [Justification], [ArrivalDate], [ComplaintStatusId]) VALUES (3, 100, 33, N'Lorem Lorem text text Domine your Lorem Lorem text Ipsum Enter your text et your Domine et Lorem Lorem text', CAST(N'2009-04-18T15:14:45.5560752' AS DateTime2), 3)
INSERT [dbo].[Complaint] ([ComplaintId], [PersonId], [TicketCollectorId], [Justification], [ArrivalDate], [ComplaintStatusId]) VALUES (4, 91, NULL, N'et your Ipsum Ipsum your Ipsum Domine Domine Domine Enter Ipsum here et here your text Ipsum Lorem Ipsum et', CAST(N'2018-06-05T10:01:48.2999592' AS DateTime2), 1)
INSERT [dbo].[Complaint] ([ComplaintId], [PersonId], [TicketCollectorId], [Justification], [ArrivalDate], [ComplaintStatusId]) VALUES (5, 31, 70, N'text Lorem Ipsum Lorem Lorem Ipsum Enter Lorem Enter Domine Ipsum your Ipsum your Ipsum text Domine Domine text Enter Domine', CAST(N'2010-08-06T04:13:37.2181320' AS DateTime2), 2)
INSERT [dbo].[Complaint] ([ComplaintId], [PersonId], [TicketCollectorId], [Justification], [ArrivalDate], [ComplaintStatusId]) VALUES (6, 18, 12, N'Ipsum Ipsum Lorem Domine Domine Domine here Lorem Ipsum Domine Enter Domine Ipsum Enter text et text et Lorem Enter here et', CAST(N'2010-05-09T14:44:33.9175403' AS DateTime2), 3)
INSERT [dbo].[Complaint] ([ComplaintId], [PersonId], [TicketCollectorId], [Justification], [ArrivalDate], [ComplaintStatusId]) VALUES (7, 98, NULL, N'here text your Domine et here Domine Domine Lorem Lorem your Enter text Lorem Enter your Lorem here text your here', CAST(N'2004-01-28T07:17:34.3685305' AS DateTime2), 1)
INSERT [dbo].[Complaint] ([ComplaintId], [PersonId], [TicketCollectorId], [Justification], [ArrivalDate], [ComplaintStatusId]) VALUES (8, 40, 76, N'et your here Enter Ipsum Domine Lorem text Enter Domine your text et your your your your here text et Ipsum', CAST(N'2017-02-18T13:41:19.9265705' AS DateTime2), 2)
INSERT [dbo].[Complaint] ([ComplaintId], [PersonId], [TicketCollectorId], [Justification], [ArrivalDate], [ComplaintStatusId]) VALUES (9, 48, 5, N'Domine Lorem et Enter Enter text Enter your Domine Domine Enter your Ipsum Enter et your Lorem Enter Domine', CAST(N'2001-09-27T23:25:28.8863083' AS DateTime2), 3)
INSERT [dbo].[Complaint] ([ComplaintId], [PersonId], [TicketCollectorId], [Justification], [ArrivalDate], [ComplaintStatusId]) VALUES (10, 85, NULL, N'here et here text text your Lorem et your Ipsum text Enter Ipsum here here et et here Enter Enter Ipsum', CAST(N'2013-01-29T05:12:37.7838017' AS DateTime2), 1)
INSERT [dbo].[Complaint] ([ComplaintId], [PersonId], [TicketCollectorId], [Justification], [ArrivalDate], [ComplaintStatusId]) VALUES (11, 86, 43, N'text Ipsum Domine here your here your Ipsum Ipsum Enter et Enter Lorem et here Ipsum Ipsum your here', CAST(N'2010-03-11T03:41:18.3568712' AS DateTime2), 2)
INSERT [dbo].[Complaint] ([ComplaintId], [PersonId], [TicketCollectorId], [Justification], [ArrivalDate], [ComplaintStatusId]) VALUES (12, 16, NULL, N'Ipsum your et your Domine Lorem here here et Lorem et Domine Ipsum your here et here et Domine your Lorem Enter', CAST(N'2001-01-15T03:41:28.7122767' AS DateTime2), 3)
INSERT [dbo].[Complaint] ([ComplaintId], [PersonId], [TicketCollectorId], [Justification], [ArrivalDate], [ComplaintStatusId]) VALUES (13, NULL, 90, N'your Ipsum Domine Lorem here Enter et et Lorem text Ipsum your et Ipsum Lorem Lorem Domine Ipsum Domine', CAST(N'2012-06-25T20:27:38.5134015' AS DateTime2), 1)
INSERT [dbo].[Complaint] ([ComplaintId], [PersonId], [TicketCollectorId], [Justification], [ArrivalDate], [ComplaintStatusId]) VALUES (14, 22, 60, N'your et here here here Lorem text Domine your your et Enter your Lorem Domine your Ipsum et Enter Ipsum Domine', CAST(N'2001-05-27T08:10:30.3057211' AS DateTime2), 2)
INSERT [dbo].[Complaint] ([ComplaintId], [PersonId], [TicketCollectorId], [Justification], [ArrivalDate], [ComplaintStatusId]) VALUES (15, NULL, 22, N'here here text Domine Ipsum your here your Domine Ipsum Enter Enter here text Lorem your et et et Ipsum', CAST(N'2013-10-05T08:35:28.2160442' AS DateTime2), 3)
INSERT [dbo].[Complaint] ([ComplaintId], [PersonId], [TicketCollectorId], [Justification], [ArrivalDate], [ComplaintStatusId]) VALUES (16, NULL, 59, N'here Lorem Domine text Ipsum text Domine your Ipsum text your text here Enter Domine your Ipsum Lorem et', CAST(N'2015-02-16T10:36:52.6398638' AS DateTime2), 1)
INSERT [dbo].[Complaint] ([ComplaintId], [PersonId], [TicketCollectorId], [Justification], [ArrivalDate], [ComplaintStatusId]) VALUES (17, NULL, 94, N'Domine here your Lorem Lorem Domine Enter Ipsum text et Enter text Enter Domine Domine text Lorem Domine here', CAST(N'2005-04-26T05:27:51.3358777' AS DateTime2), 2)
INSERT [dbo].[Complaint] ([ComplaintId], [PersonId], [TicketCollectorId], [Justification], [ArrivalDate], [ComplaintStatusId]) VALUES (18, 48, NULL, N'your here et Ipsum Enter your Lorem Enter Enter text Enter et text Lorem your et Ipsum your text et Lorem', CAST(N'2009-01-01T20:12:37.3176455' AS DateTime2), 3)
INSERT [dbo].[Complaint] ([ComplaintId], [PersonId], [TicketCollectorId], [Justification], [ArrivalDate], [ComplaintStatusId]) VALUES (19, 23, 91, N'here Enter Domine text Enter Enter et Enter Lorem Domine text Domine Ipsum Enter text et here Ipsum here your Enter et', CAST(N'2005-04-25T05:13:48.0174984' AS DateTime2), 1)
INSERT [dbo].[Complaint] ([ComplaintId], [PersonId], [TicketCollectorId], [Justification], [ArrivalDate], [ComplaintStatusId]) VALUES (20, 68, 100, N'Ipsum Lorem et et Lorem Lorem Lorem et Domine et et et your Lorem your Domine Ipsum your here text et', CAST(N'2012-01-13T07:16:28.9598328' AS DateTime2), 2)
INSERT [dbo].[Complaint] ([ComplaintId], [PersonId], [TicketCollectorId], [Justification], [ArrivalDate], [ComplaintStatusId]) VALUES (21, 18, 93, N'Lorem Domine et Lorem here Domine Enter et Enter here here Ipsum text text your et text et here et Enter Enter Lorem here', CAST(N'2013-12-04T05:47:29.9944218' AS DateTime2), 3)
INSERT [dbo].[Complaint] ([ComplaintId], [PersonId], [TicketCollectorId], [Justification], [ArrivalDate], [ComplaintStatusId]) VALUES (22, 38, 30, N'Domine et Enter here Lorem Lorem Enter Domine Domine Domine your Ipsum et your Ipsum text text here text et et Domine Enter Domine', CAST(N'2014-08-15T10:51:38.5756342' AS DateTime2), 1)
INSERT [dbo].[Complaint] ([ComplaintId], [PersonId], [TicketCollectorId], [Justification], [ArrivalDate], [ComplaintStatusId]) VALUES (23, 15, 60, N'Enter Lorem here et Domine text here Enter Enter et text text et here Ipsum et Enter et Domine Ipsum', CAST(N'2002-06-08T12:49:25.4204285' AS DateTime2), 2)
INSERT [dbo].[Complaint] ([ComplaintId], [PersonId], [TicketCollectorId], [Justification], [ArrivalDate], [ComplaintStatusId]) VALUES (24, 70, 100, N'Enter Lorem Lorem here Enter Enter here Lorem Ipsum here Enter Enter et Domine Lorem your Domine text', CAST(N'2011-03-11T11:55:06.2709353' AS DateTime2), 3)
INSERT [dbo].[Complaint] ([ComplaintId], [PersonId], [TicketCollectorId], [Justification], [ArrivalDate], [ComplaintStatusId]) VALUES (25, 7, 18, N'Domine text here here Lorem Lorem Enter here Domine Enter et text Enter your et Domine Domine Domine', CAST(N'2000-01-26T12:25:46.9010248' AS DateTime2), 1)
INSERT [dbo].[Complaint] ([ComplaintId], [PersonId], [TicketCollectorId], [Justification], [ArrivalDate], [ComplaintStatusId]) VALUES (26, 55, 9, N'Domine text Enter here here text your your Enter Lorem Enter Lorem your Lorem Lorem Ipsum Domine Ipsum', CAST(N'2011-11-10T05:42:43.7445159' AS DateTime2), 2)
INSERT [dbo].[Complaint] ([ComplaintId], [PersonId], [TicketCollectorId], [Justification], [ArrivalDate], [ComplaintStatusId]) VALUES (27, 29, 21, N'Domine Domine Domine Lorem here here et your Domine et Domine Enter Ipsum text Lorem here Enter Domine Domine', CAST(N'2016-12-06T09:55:22.6514775' AS DateTime2), 3)
INSERT [dbo].[Complaint] ([ComplaintId], [PersonId], [TicketCollectorId], [Justification], [ArrivalDate], [ComplaintStatusId]) VALUES (28, 85, 79, N'here text Enter et Domine Lorem Ipsum Ipsum Lorem here Domine your et Domine here Domine Ipsum Lorem', CAST(N'2006-11-19T11:34:01.2695080' AS DateTime2), 1)
INSERT [dbo].[Complaint] ([ComplaintId], [PersonId], [TicketCollectorId], [Justification], [ArrivalDate], [ComplaintStatusId]) VALUES (29, NULL, 46, N'Ipsum your text text Enter here text text Ipsum your here et Enter et Domine Lorem Lorem et et here Domine', CAST(N'2016-11-15T23:27:50.9438763' AS DateTime2), 2)
INSERT [dbo].[Complaint] ([ComplaintId], [PersonId], [TicketCollectorId], [Justification], [ArrivalDate], [ComplaintStatusId]) VALUES (30, 52, 20, N'here here here Enter et et text Enter here here text et text Domine your Enter Enter text Lorem your Lorem', CAST(N'2005-07-03T07:01:19.2112364' AS DateTime2), 3)
INSERT [dbo].[Complaint] ([ComplaintId], [PersonId], [TicketCollectorId], [Justification], [ArrivalDate], [ComplaintStatusId]) VALUES (31, NULL, 62, N'Ipsum et text et here et Enter Domine your your Lorem Ipsum et Domine Domine Ipsum Lorem Domine Ipsum Domine', CAST(N'2009-01-31T06:29:48.8321107' AS DateTime2), 1)
INSERT [dbo].[Complaint] ([ComplaintId], [PersonId], [TicketCollectorId], [Justification], [ArrivalDate], [ComplaintStatusId]) VALUES (32, 41, 6, N'text here Enter here Lorem et here Domine Ipsum your Domine text Ipsum text Lorem Domine Domine your', CAST(N'2009-04-29T15:09:07.4565611' AS DateTime2), 2)
INSERT [dbo].[Complaint] ([ComplaintId], [PersonId], [TicketCollectorId], [Justification], [ArrivalDate], [ComplaintStatusId]) VALUES (33, 60, 46, N'Lorem your Ipsum et your text Enter Enter Ipsum Enter text text Domine Enter your Lorem Domine et Enter', CAST(N'2004-12-07T17:52:32.5802882' AS DateTime2), 3)
INSERT [dbo].[Complaint] ([ComplaintId], [PersonId], [TicketCollectorId], [Justification], [ArrivalDate], [ComplaintStatusId]) VALUES (34, 27, 89, N'your Lorem your here text et Lorem your Ipsum your Lorem Enter here text here your Lorem Ipsum et your', CAST(N'2009-03-09T17:33:09.1693782' AS DateTime2), 1)
INSERT [dbo].[Complaint] ([ComplaintId], [PersonId], [TicketCollectorId], [Justification], [ArrivalDate], [ComplaintStatusId]) VALUES (35, 51, 79, N'Ipsum Ipsum et here et Domine your here Ipsum Lorem your Domine Domine your Enter Enter your here here Domine', CAST(N'2016-04-02T22:35:02.5668136' AS DateTime2), 2)
INSERT [dbo].[Complaint] ([ComplaintId], [PersonId], [TicketCollectorId], [Justification], [ArrivalDate], [ComplaintStatusId]) VALUES (36, 27, 7, N'Lorem Lorem your Domine Ipsum Ipsum Enter Domine your Enter Domine et here Domine text Enter here et', CAST(N'2014-10-21T05:08:05.0398374' AS DateTime2), 3)
INSERT [dbo].[Complaint] ([ComplaintId], [PersonId], [TicketCollectorId], [Justification], [ArrivalDate], [ComplaintStatusId]) VALUES (37, 64, 1, N'Ipsum Domine Lorem here your here Enter here your text text here here Lorem text Enter text your Domine', CAST(N'2008-09-26T00:46:14.9822138' AS DateTime2), 1)
INSERT [dbo].[Complaint] ([ComplaintId], [PersonId], [TicketCollectorId], [Justification], [ArrivalDate], [ComplaintStatusId]) VALUES (38, NULL, 44, N'Lorem here et here Enter Domine your Ipsum your Ipsum your Domine Lorem here text here Enter Enter Enter', CAST(N'2003-05-31T01:57:54.3576082' AS DateTime2), 2)
INSERT [dbo].[Complaint] ([ComplaintId], [PersonId], [TicketCollectorId], [Justification], [ArrivalDate], [ComplaintStatusId]) VALUES (39, 18, NULL, N'Lorem your et Ipsum Domine Ipsum Lorem text your et Domine et here here et your your Enter text your', CAST(N'2001-10-18T04:07:01.4966008' AS DateTime2), 3)
INSERT [dbo].[Complaint] ([ComplaintId], [PersonId], [TicketCollectorId], [Justification], [ArrivalDate], [ComplaintStatusId]) VALUES (40, NULL, 66, N'here text Lorem your text et Domine text et Domine your Enter Lorem et text Ipsum Enter Lorem here here here', CAST(N'2004-04-10T03:02:10.5062777' AS DateTime2), 1)
INSERT [dbo].[Complaint] ([ComplaintId], [PersonId], [TicketCollectorId], [Justification], [ArrivalDate], [ComplaintStatusId]) VALUES (41, 25, 39, N'Ipsum text here Enter Ipsum Enter text Enter et Domine Enter Enter Domine your Lorem Lorem et Lorem Enter', CAST(N'2006-09-12T16:49:56.0087894' AS DateTime2), 2)
INSERT [dbo].[Complaint] ([ComplaintId], [PersonId], [TicketCollectorId], [Justification], [ArrivalDate], [ComplaintStatusId]) VALUES (42, NULL, 46, N'Domine Ipsum et Domine Ipsum here here Enter Lorem Domine Ipsum here Domine Domine Domine et et Ipsum', CAST(N'2006-12-15T14:38:59.9184666' AS DateTime2), 3)
INSERT [dbo].[Complaint] ([ComplaintId], [PersonId], [TicketCollectorId], [Justification], [ArrivalDate], [ComplaintStatusId]) VALUES (43, 36, 61, N'your Lorem Domine here your Lorem et text Lorem Lorem Domine Lorem Domine et your text Domine Lorem Lorem', CAST(N'2005-11-09T03:10:19.7613591' AS DateTime2), 1)
INSERT [dbo].[Complaint] ([ComplaintId], [PersonId], [TicketCollectorId], [Justification], [ArrivalDate], [ComplaintStatusId]) VALUES (44, 11, 15, N'your Lorem text Lorem Domine text Lorem Enter Domine text Ipsum et your your et et Enter text Lorem text Enter here text Ipsum Ipsum text', CAST(N'2013-07-13T17:05:21.4401010' AS DateTime2), 2)
INSERT [dbo].[Complaint] ([ComplaintId], [PersonId], [TicketCollectorId], [Justification], [ArrivalDate], [ComplaintStatusId]) VALUES (45, 57, NULL, N'text your Lorem text here here Domine Domine et here your et your here et Enter here text Lorem Domine', CAST(N'2016-02-22T17:36:56.7968703' AS DateTime2), 3)
INSERT [dbo].[Complaint] ([ComplaintId], [PersonId], [TicketCollectorId], [Justification], [ArrivalDate], [ComplaintStatusId]) VALUES (46, 32, 46, N'Lorem Enter Ipsum et Domine Lorem Lorem Domine your text text here here et Domine your Lorem Ipsum et here', CAST(N'2011-12-14T23:33:42.2373643' AS DateTime2), 1)
INSERT [dbo].[Complaint] ([ComplaintId], [PersonId], [TicketCollectorId], [Justification], [ArrivalDate], [ComplaintStatusId]) VALUES (47, 78, 41, N'Ipsum Ipsum Ipsum here Domine Domine Ipsum here text text text Enter Ipsum Enter Domine here here Domine', CAST(N'2002-11-19T05:02:09.1247288' AS DateTime2), 2)
INSERT [dbo].[Complaint] ([ComplaintId], [PersonId], [TicketCollectorId], [Justification], [ArrivalDate], [ComplaintStatusId]) VALUES (48, 24, 96, N'Enter Lorem Enter Domine here Ipsum Lorem et et Domine Lorem et your et Lorem here Domine your here Ipsum text Domine Enter', CAST(N'2012-01-23T23:09:58.6799271' AS DateTime2), 3)
INSERT [dbo].[Complaint] ([ComplaintId], [PersonId], [TicketCollectorId], [Justification], [ArrivalDate], [ComplaintStatusId]) VALUES (49, NULL, 29, N'your Domine text Enter your Domine text text Lorem Lorem et your et here Enter et Lorem Ipsum Lorem Enter', CAST(N'2015-05-20T12:50:02.4755888' AS DateTime2), 1)
INSERT [dbo].[Complaint] ([ComplaintId], [PersonId], [TicketCollectorId], [Justification], [ArrivalDate], [ComplaintStatusId]) VALUES (50, 39, NULL, N'your Ipsum Domine text Enter your Ipsum et Ipsum your Domine text your text Domine here Domine here et Lorem Domine', CAST(N'2013-03-30T21:23:02.0677759' AS DateTime2), 2)
INSERT [dbo].[Complaint] ([ComplaintId], [PersonId], [TicketCollectorId], [Justification], [ArrivalDate], [ComplaintStatusId]) VALUES (51, 52, 26, N'Domine Ipsum text Lorem here text your here Domine your Enter text here Ipsum your Ipsum Ipsum here et', CAST(N'2000-10-21T20:30:38.9780433' AS DateTime2), 3)
INSERT [dbo].[Complaint] ([ComplaintId], [PersonId], [TicketCollectorId], [Justification], [ArrivalDate], [ComplaintStatusId]) VALUES (52, 98, 2, N'et Domine Lorem Enter your here Ipsum text Ipsum your Ipsum your et Ipsum here text Domine your here', CAST(N'2008-09-09T07:30:15.0686897' AS DateTime2), 1)
INSERT [dbo].[Complaint] ([ComplaintId], [PersonId], [TicketCollectorId], [Justification], [ArrivalDate], [ComplaintStatusId]) VALUES (53, NULL, 26, N'Domine Lorem text Enter text Ipsum Enter your your your your Enter Enter here here Domine your your text', CAST(N'2007-03-20T09:22:40.1933219' AS DateTime2), 2)
INSERT [dbo].[Complaint] ([ComplaintId], [PersonId], [TicketCollectorId], [Justification], [ArrivalDate], [ComplaintStatusId]) VALUES (54, 45, 75, N'Ipsum Domine Ipsum et here et here Ipsum your Domine Ipsum Lorem Domine here here text Lorem here Ipsum text', CAST(N'2017-11-30T18:59:46.8093035' AS DateTime2), 3)
INSERT [dbo].[Complaint] ([ComplaintId], [PersonId], [TicketCollectorId], [Justification], [ArrivalDate], [ComplaintStatusId]) VALUES (55, 15, 11, N'Enter Lorem Enter Lorem your text text here Enter Ipsum et here et Enter et Lorem Lorem Lorem your text', CAST(N'2008-11-12T00:34:31.4397813' AS DateTime2), 1)
INSERT [dbo].[Complaint] ([ComplaintId], [PersonId], [TicketCollectorId], [Justification], [ArrivalDate], [ComplaintStatusId]) VALUES (56, 22, 80, N'text here Ipsum Enter Ipsum Enter Enter here Ipsum Lorem et Ipsum your et your et Domine Lorem your here et', CAST(N'2000-05-06T08:37:50.8083103' AS DateTime2), 2)
INSERT [dbo].[Complaint] ([ComplaintId], [PersonId], [TicketCollectorId], [Justification], [ArrivalDate], [ComplaintStatusId]) VALUES (57, 23, 58, N'Ipsum Lorem Ipsum here Lorem Enter et Enter here Domine here Ipsum Enter text here Lorem your your Enter', CAST(N'2007-01-18T04:16:00.6894117' AS DateTime2), 3)
INSERT [dbo].[Complaint] ([ComplaintId], [PersonId], [TicketCollectorId], [Justification], [ArrivalDate], [ComplaintStatusId]) VALUES (58, 46, 42, N'your Enter Ipsum Lorem your Lorem et Ipsum Domine Domine Domine text Lorem here Enter Lorem Enter Ipsum text Lorem', CAST(N'2017-02-07T03:19:39.2851401' AS DateTime2), 1)
INSERT [dbo].[Complaint] ([ComplaintId], [PersonId], [TicketCollectorId], [Justification], [ArrivalDate], [ComplaintStatusId]) VALUES (59, 56, 17, N'Ipsum et your your here here Enter Domine your Ipsum text Domine Ipsum Domine Enter your Domine your', CAST(N'2018-05-10T21:36:01.3989343' AS DateTime2), 2)
INSERT [dbo].[Complaint] ([ComplaintId], [PersonId], [TicketCollectorId], [Justification], [ArrivalDate], [ComplaintStatusId]) VALUES (60, 33, NULL, N'Enter here Enter your Enter Ipsum text Domine here Lorem Ipsum Ipsum Lorem Ipsum Ipsum Domine et Enter', CAST(N'2017-09-25T22:30:53.4736162' AS DateTime2), 3)
INSERT [dbo].[Complaint] ([ComplaintId], [PersonId], [TicketCollectorId], [Justification], [ArrivalDate], [ComplaintStatusId]) VALUES (61, 4, 58, N'text text Domine Domine et Lorem your Lorem text Ipsum Domine here Lorem your Ipsum here et Ipsum Ipsum', CAST(N'2012-06-02T04:49:11.2660629' AS DateTime2), 1)
INSERT [dbo].[Complaint] ([ComplaintId], [PersonId], [TicketCollectorId], [Justification], [ArrivalDate], [ComplaintStatusId]) VALUES (62, 47, 66, N'Lorem your here Lorem here here Domine et your Enter Domine your your Lorem Domine et your Lorem your Domine', CAST(N'2016-03-09T19:43:33.0990226' AS DateTime2), 2)
INSERT [dbo].[Complaint] ([ComplaintId], [PersonId], [TicketCollectorId], [Justification], [ArrivalDate], [ComplaintStatusId]) VALUES (63, NULL, 48, N'Domine text here your Enter Lorem et your et text your Domine et your et text Lorem text Lorem here text', CAST(N'2000-04-04T14:13:28.9826941' AS DateTime2), 3)
INSERT [dbo].[Complaint] ([ComplaintId], [PersonId], [TicketCollectorId], [Justification], [ArrivalDate], [ComplaintStatusId]) VALUES (64, 21, 13, N'Ipsum et your Enter your et text text Lorem Enter your here your your Enter your here here Domine Enter', CAST(N'2015-03-27T16:24:09.6750720' AS DateTime2), 1)
INSERT [dbo].[Complaint] ([ComplaintId], [PersonId], [TicketCollectorId], [Justification], [ArrivalDate], [ComplaintStatusId]) VALUES (65, 75, 67, N'Ipsum Enter your Ipsum Ipsum Enter Domine Domine et Domine Lorem et Ipsum Lorem Ipsum Domine Enter text', CAST(N'2003-12-29T22:42:48.9516910' AS DateTime2), 2)
INSERT [dbo].[Complaint] ([ComplaintId], [PersonId], [TicketCollectorId], [Justification], [ArrivalDate], [ComplaintStatusId]) VALUES (66, 93, 91, N'Domine here Ipsum Enter et here Domine Ipsum your text Domine your here text Enter Enter Ipsum Enter', CAST(N'2000-11-11T12:32:10.9003101' AS DateTime2), 3)
INSERT [dbo].[Complaint] ([ComplaintId], [PersonId], [TicketCollectorId], [Justification], [ArrivalDate], [ComplaintStatusId]) VALUES (67, NULL, 88, N'Lorem et text text Ipsum your Ipsum Lorem Lorem Lorem here text here Enter Domine Enter Ipsum Domine', CAST(N'2015-02-07T09:48:56.1319886' AS DateTime2), 1)
INSERT [dbo].[Complaint] ([ComplaintId], [PersonId], [TicketCollectorId], [Justification], [ArrivalDate], [ComplaintStatusId]) VALUES (68, 47, 51, N'here your et here Ipsum Ipsum et Ipsum Enter Lorem Ipsum Lorem Enter Domine Ipsum et text Lorem your', CAST(N'2003-04-19T02:54:29.3440233' AS DateTime2), 2)
INSERT [dbo].[Complaint] ([ComplaintId], [PersonId], [TicketCollectorId], [Justification], [ArrivalDate], [ComplaintStatusId]) VALUES (69, 64, 51, N'Domine your Domine here Enter et Enter Lorem your here your text Enter Ipsum Lorem your Ipsum text Ipsum Domine', CAST(N'2004-02-23T09:35:27.7389076' AS DateTime2), 3)
INSERT [dbo].[Complaint] ([ComplaintId], [PersonId], [TicketCollectorId], [Justification], [ArrivalDate], [ComplaintStatusId]) VALUES (70, 75, 71, N'Lorem Enter Domine Enter text text et your Ipsum here Lorem Domine Enter text text here text Domine Lorem', CAST(N'2017-12-15T03:27:23.1762069' AS DateTime2), 1)
INSERT [dbo].[Complaint] ([ComplaintId], [PersonId], [TicketCollectorId], [Justification], [ArrivalDate], [ComplaintStatusId]) VALUES (71, 16, NULL, N'here Ipsum text text here text text here your Domine Domine Lorem Enter here Lorem Domine Lorem Enter', CAST(N'2006-05-23T09:50:37.6576499' AS DateTime2), 2)
INSERT [dbo].[Complaint] ([ComplaintId], [PersonId], [TicketCollectorId], [Justification], [ArrivalDate], [ComplaintStatusId]) VALUES (72, 39, 60, N'Ipsum et Enter et Ipsum et your Lorem text et text Enter et Enter Lorem Enter Domine Ipsum Lorem Lorem Enter', CAST(N'2001-11-27T03:29:56.9782694' AS DateTime2), 3)
INSERT [dbo].[Complaint] ([ComplaintId], [PersonId], [TicketCollectorId], [Justification], [ArrivalDate], [ComplaintStatusId]) VALUES (73, 90, NULL, N'Enter et Lorem Enter et Ipsum Ipsum here et your here Domine here here Domine Ipsum Lorem text et Domine et your', CAST(N'2007-03-17T16:05:35.8210446' AS DateTime2), 1)
INSERT [dbo].[Complaint] ([ComplaintId], [PersonId], [TicketCollectorId], [Justification], [ArrivalDate], [ComplaintStatusId]) VALUES (74, 59, 54, N'Lorem text Ipsum your Domine Lorem here Lorem Lorem Enter Domine your et text et Ipsum here here et text', CAST(N'2001-01-15T02:11:37.5112206' AS DateTime2), 2)
INSERT [dbo].[Complaint] ([ComplaintId], [PersonId], [TicketCollectorId], [Justification], [ArrivalDate], [ComplaintStatusId]) VALUES (75, 71, 12, N'your Ipsum Domine Enter Enter text your Enter Ipsum your et here Lorem text text Enter your Domine Ipsum text here here Domine text', CAST(N'2005-05-02T14:26:32.9510433' AS DateTime2), 3)
INSERT [dbo].[Complaint] ([ComplaintId], [PersonId], [TicketCollectorId], [Justification], [ArrivalDate], [ComplaintStatusId]) VALUES (76, NULL, 53, N'text Enter et text here Ipsum Ipsum your Domine your your Lorem et et Enter Ipsum your Enter Lorem Lorem', CAST(N'2006-12-20T15:08:30.0759551' AS DateTime2), 1)
INSERT [dbo].[Complaint] ([ComplaintId], [PersonId], [TicketCollectorId], [Justification], [ArrivalDate], [ComplaintStatusId]) VALUES (77, 89, 22, N'Lorem Enter text et your your Enter Lorem text text text Ipsum here Domine et Lorem your Domine Ipsum', CAST(N'2008-10-06T07:41:18.8142751' AS DateTime2), 2)
INSERT [dbo].[Complaint] ([ComplaintId], [PersonId], [TicketCollectorId], [Justification], [ArrivalDate], [ComplaintStatusId]) VALUES (78, 22, 16, N'Domine Domine here et et Enter Lorem et et Lorem Domine text Ipsum Domine Ipsum Enter Lorem Lorem your', CAST(N'2007-11-25T19:44:03.9803276' AS DateTime2), 3)
INSERT [dbo].[Complaint] ([ComplaintId], [PersonId], [TicketCollectorId], [Justification], [ArrivalDate], [ComplaintStatusId]) VALUES (79, NULL, 29, N'Ipsum Ipsum Lorem et et et here et text your Domine Enter Domine text text Ipsum Lorem Lorem Enter Enter text et', CAST(N'2014-01-16T18:18:09.4740651' AS DateTime2), 1)
INSERT [dbo].[Complaint] ([ComplaintId], [PersonId], [TicketCollectorId], [Justification], [ArrivalDate], [ComplaintStatusId]) VALUES (80, 22, 53, N'Domine Domine Lorem your et Domine Ipsum Ipsum your Ipsum text here Lorem Domine Domine Ipsum et here Lorem here', CAST(N'2007-02-11T12:52:04.6636606' AS DateTime2), 2)
INSERT [dbo].[Complaint] ([ComplaintId], [PersonId], [TicketCollectorId], [Justification], [ArrivalDate], [ComplaintStatusId]) VALUES (81, 68, NULL, N'Ipsum Enter here Enter Lorem Enter Domine here Domine et here Domine et et Ipsum Lorem your text here Ipsum', CAST(N'2008-12-22T00:40:34.6197870' AS DateTime2), 3)
INSERT [dbo].[Complaint] ([ComplaintId], [PersonId], [TicketCollectorId], [Justification], [ArrivalDate], [ComplaintStatusId]) VALUES (82, 91, 54, N'your Domine Ipsum Enter text et et your your Ipsum here Lorem Domine your text Domine your Lorem text', CAST(N'2004-11-13T10:45:23.9715503' AS DateTime2), 1)
INSERT [dbo].[Complaint] ([ComplaintId], [PersonId], [TicketCollectorId], [Justification], [ArrivalDate], [ComplaintStatusId]) VALUES (83, 87, 32, N'text Lorem your Enter Enter et Enter Domine here text here Ipsum et Lorem et here here here et Enter et Ipsum', CAST(N'2010-07-01T22:43:58.7939194' AS DateTime2), 2)
INSERT [dbo].[Complaint] ([ComplaintId], [PersonId], [TicketCollectorId], [Justification], [ArrivalDate], [ComplaintStatusId]) VALUES (84, 37, 16, N'text Domine Lorem your your Enter et here here Ipsum Ipsum Ipsum Ipsum Domine Lorem Ipsum Domine et Domine', CAST(N'2003-08-19T02:04:48.8761004' AS DateTime2), 3)
INSERT [dbo].[Complaint] ([ComplaintId], [PersonId], [TicketCollectorId], [Justification], [ArrivalDate], [ComplaintStatusId]) VALUES (85, 67, 15, N'et et text text Domine Lorem et et your Ipsum Lorem Domine Lorem Lorem et Domine Lorem Ipsum your your your', CAST(N'2004-09-11T10:30:40.2331931' AS DateTime2), 1)
INSERT [dbo].[Complaint] ([ComplaintId], [PersonId], [TicketCollectorId], [Justification], [ArrivalDate], [ComplaintStatusId]) VALUES (86, 36, 59, N'Domine your Ipsum et here your text Ipsum Domine Ipsum text Ipsum Lorem Lorem your text Lorem text Domine', CAST(N'2000-05-23T22:59:33.7634209' AS DateTime2), 2)
INSERT [dbo].[Complaint] ([ComplaintId], [PersonId], [TicketCollectorId], [Justification], [ArrivalDate], [ComplaintStatusId]) VALUES (87, 41, 22, N'Ipsum your Ipsum your Enter your Lorem your your Ipsum et Ipsum Lorem text here Enter your et text Lorem Domine text', CAST(N'2002-02-10T05:46:27.2632391' AS DateTime2), 3)
INSERT [dbo].[Complaint] ([ComplaintId], [PersonId], [TicketCollectorId], [Justification], [ArrivalDate], [ComplaintStatusId]) VALUES (88, 14, NULL, N'Domine text text text here Lorem et Ipsum Domine Ipsum et here Lorem Ipsum text Ipsum Enter here text Lorem', CAST(N'2006-01-06T22:52:45.7709848' AS DateTime2), 1)
INSERT [dbo].[Complaint] ([ComplaintId], [PersonId], [TicketCollectorId], [Justification], [ArrivalDate], [ComplaintStatusId]) VALUES (89, 76, 81, N'your your Enter Enter et Enter text text Ipsum Lorem here Domine Enter et text et et Enter Domine Enter Ipsum Ipsum Enter Domine Lorem', CAST(N'2000-04-27T16:58:37.7295969' AS DateTime2), 2)
INSERT [dbo].[Complaint] ([ComplaintId], [PersonId], [TicketCollectorId], [Justification], [ArrivalDate], [ComplaintStatusId]) VALUES (90, NULL, 95, N'here Lorem et your Enter your text et et text Ipsum Domine text Enter Lorem Lorem here text your Lorem', CAST(N'2015-11-28T13:57:11.7585032' AS DateTime2), 3)
INSERT [dbo].[Complaint] ([ComplaintId], [PersonId], [TicketCollectorId], [Justification], [ArrivalDate], [ComplaintStatusId]) VALUES (91, 19, NULL, N'Domine Lorem Lorem Lorem Lorem here text Ipsum Enter text here your your Domine text text Ipsum your here', CAST(N'2007-10-04T00:52:04.3504256' AS DateTime2), 1)
INSERT [dbo].[Complaint] ([ComplaintId], [PersonId], [TicketCollectorId], [Justification], [ArrivalDate], [ComplaintStatusId]) VALUES (92, 10, 77, N'your et et Ipsum here Lorem your Lorem Lorem Lorem Lorem Domine your here Enter your Lorem Lorem Ipsum', CAST(N'2010-08-18T21:26:35.6970738' AS DateTime2), 2)
INSERT [dbo].[Complaint] ([ComplaintId], [PersonId], [TicketCollectorId], [Justification], [ArrivalDate], [ComplaintStatusId]) VALUES (93, 10, NULL, N'Enter et Domine your et Enter Enter your text et your Lorem Enter et et et Ipsum et Enter Domine your', CAST(N'2004-01-20T04:21:52.9586740' AS DateTime2), 3)
INSERT [dbo].[Complaint] ([ComplaintId], [PersonId], [TicketCollectorId], [Justification], [ArrivalDate], [ComplaintStatusId]) VALUES (94, 14, 20, N'Lorem et et your Enter Lorem your Enter Enter Ipsum Domine here your here et Ipsum et text here Domine', CAST(N'2003-01-22T05:36:08.0229847' AS DateTime2), 1)
INSERT [dbo].[Complaint] ([ComplaintId], [PersonId], [TicketCollectorId], [Justification], [ArrivalDate], [ComplaintStatusId]) VALUES (95, 63, 46, N'Ipsum here Enter et text Ipsum text here Ipsum here et Domine Domine your your text Lorem Enter Lorem your here Ipsum here Enter', CAST(N'2010-11-07T22:12:59.2402148' AS DateTime2), 2)
INSERT [dbo].[Complaint] ([ComplaintId], [PersonId], [TicketCollectorId], [Justification], [ArrivalDate], [ComplaintStatusId]) VALUES (96, NULL, NULL, N'et here your Domine et text et text Ipsum Domine Domine Ipsum text your Enter here text your Lorem text', CAST(N'2009-07-04T21:06:22.9097670' AS DateTime2), 3)
INSERT [dbo].[Complaint] ([ComplaintId], [PersonId], [TicketCollectorId], [Justification], [ArrivalDate], [ComplaintStatusId]) VALUES (97, 29, NULL, N'your Domine Domine Domine Domine Enter text your et your here text Ipsum Ipsum text et Domine here Domine', CAST(N'2006-09-12T00:25:30.9357725' AS DateTime2), 1)
INSERT [dbo].[Complaint] ([ComplaintId], [PersonId], [TicketCollectorId], [Justification], [ArrivalDate], [ComplaintStatusId]) VALUES (98, 96, 51, N'text here Ipsum Enter Lorem here text Lorem your text your text et et Lorem Lorem your Enter et text your Ipsum', CAST(N'2009-08-14T10:46:10.0862872' AS DateTime2), 2)
INSERT [dbo].[Complaint] ([ComplaintId], [PersonId], [TicketCollectorId], [Justification], [ArrivalDate], [ComplaintStatusId]) VALUES (99, NULL, NULL, N'text Lorem Lorem et Ipsum text et Ipsum et Domine et text Domine text Lorem Ipsum et Domine here Domine', CAST(N'2009-07-15T18:22:32.4884100' AS DateTime2), 3)
INSERT [dbo].[Complaint] ([ComplaintId], [PersonId], [TicketCollectorId], [Justification], [ArrivalDate], [ComplaintStatusId]) VALUES (100, 4, 27, N'Lorem Domine Enter et Lorem Domine Lorem Ipsum Domine Enter Lorem Domine Lorem text et Ipsum et here here Domine et', CAST(N'2015-04-13T05:04:45.8965602' AS DateTime2), 1)
GO
INSERT [dbo].[Complaint] ([ComplaintId], [PersonId], [TicketCollectorId], [Justification], [ArrivalDate], [ComplaintStatusId]) VALUES (101, 95, NULL, N'text Ipsum text Lorem et text here Ipsum here Ipsum Ipsum Lorem Domine your here your Domine Domine Domine', CAST(N'2015-11-06T13:44:46.1053758' AS DateTime2), 2)
INSERT [dbo].[Complaint] ([ComplaintId], [PersonId], [TicketCollectorId], [Justification], [ArrivalDate], [ComplaintStatusId]) VALUES (102, 48, 88, N'text text Enter et Enter Domine here Lorem Lorem here Ipsum Enter text Lorem text your your your your Enter', CAST(N'2018-08-02T02:07:39.7807057' AS DateTime2), 3)
INSERT [dbo].[Complaint] ([ComplaintId], [PersonId], [TicketCollectorId], [Justification], [ArrivalDate], [ComplaintStatusId]) VALUES (103, 81, 47, N'your Ipsum Enter your Domine text here text Ipsum Domine Domine here Domine Enter Ipsum Lorem here et Domine', CAST(N'2007-12-01T13:34:30.9410195' AS DateTime2), 1)
INSERT [dbo].[Complaint] ([ComplaintId], [PersonId], [TicketCollectorId], [Justification], [ArrivalDate], [ComplaintStatusId]) VALUES (104, 43, 62, N'Enter Domine Ipsum text text et text Domine et Ipsum Enter your Enter Enter here Ipsum Domine Enter your', CAST(N'2016-06-04T09:22:39.2993820' AS DateTime2), 2)
INSERT [dbo].[Complaint] ([ComplaintId], [PersonId], [TicketCollectorId], [Justification], [ArrivalDate], [ComplaintStatusId]) VALUES (105, 43, 50, N'your Ipsum Ipsum Enter et Ipsum text here Ipsum et text Enter your your your Ipsum here et Lorem here', CAST(N'2006-11-08T11:32:24.4101259' AS DateTime2), 3)
INSERT [dbo].[Complaint] ([ComplaintId], [PersonId], [TicketCollectorId], [Justification], [ArrivalDate], [ComplaintStatusId]) VALUES (106, 33, 35, N'text Domine text et your et Domine text Domine here Ipsum Lorem Domine Domine text text Lorem here Lorem et', CAST(N'2017-11-24T17:00:41.9997740' AS DateTime2), 1)
INSERT [dbo].[Complaint] ([ComplaintId], [PersonId], [TicketCollectorId], [Justification], [ArrivalDate], [ComplaintStatusId]) VALUES (107, 90, 97, N'Enter text Enter Enter Domine Domine Ipsum your Enter here Ipsum et Domine et here your Lorem et text', CAST(N'2001-06-25T15:24:39.2476450' AS DateTime2), 2)
INSERT [dbo].[Complaint] ([ComplaintId], [PersonId], [TicketCollectorId], [Justification], [ArrivalDate], [ComplaintStatusId]) VALUES (108, 48, 53, N'et text Lorem here text your Domine here et here Domine Domine text Domine et Domine et Enter Domine', CAST(N'2006-03-05T07:11:02.6821013' AS DateTime2), 3)
INSERT [dbo].[Complaint] ([ComplaintId], [PersonId], [TicketCollectorId], [Justification], [ArrivalDate], [ComplaintStatusId]) VALUES (109, 82, 72, N'Lorem Ipsum here your Domine Enter Domine here et text Domine et text Ipsum Lorem et Ipsum Ipsum et Ipsum', CAST(N'2012-07-31T04:33:13.8582601' AS DateTime2), 1)
INSERT [dbo].[Complaint] ([ComplaintId], [PersonId], [TicketCollectorId], [Justification], [ArrivalDate], [ComplaintStatusId]) VALUES (110, 17, 55, N'text text Ipsum Lorem et Lorem Enter Enter Lorem here here et your Lorem your et text here your text', CAST(N'2001-11-23T09:26:01.3638261' AS DateTime2), 2)
INSERT [dbo].[Complaint] ([ComplaintId], [PersonId], [TicketCollectorId], [Justification], [ArrivalDate], [ComplaintStatusId]) VALUES (111, 39, 74, N'Lorem Lorem Lorem your Lorem Lorem here Enter your Enter your text Enter your text et Ipsum your Lorem here', CAST(N'2010-07-31T00:56:31.9940354' AS DateTime2), 3)
INSERT [dbo].[Complaint] ([ComplaintId], [PersonId], [TicketCollectorId], [Justification], [ArrivalDate], [ComplaintStatusId]) VALUES (112, 35, 65, N'et here Domine your your text Domine text your Ipsum text Lorem et et your text your Domine Lorem Domine', CAST(N'2018-02-22T08:31:56.7090843' AS DateTime2), 1)
INSERT [dbo].[Complaint] ([ComplaintId], [PersonId], [TicketCollectorId], [Justification], [ArrivalDate], [ComplaintStatusId]) VALUES (113, 81, 95, N'here your Lorem Enter text et Enter Ipsum text Ipsum here Domine text Ipsum Enter text here here Enter', CAST(N'2003-01-22T09:01:29.8110749' AS DateTime2), 2)
INSERT [dbo].[Complaint] ([ComplaintId], [PersonId], [TicketCollectorId], [Justification], [ArrivalDate], [ComplaintStatusId]) VALUES (114, 81, 71, N'et Domine Lorem Domine here here here Ipsum here Domine Ipsum text here et here your text Enter et Lorem Ipsum Domine Lorem', CAST(N'2011-03-30T08:43:56.7352737' AS DateTime2), 3)
INSERT [dbo].[Complaint] ([ComplaintId], [PersonId], [TicketCollectorId], [Justification], [ArrivalDate], [ComplaintStatusId]) VALUES (115, 10, 36, N'your Enter Domine et here Lorem Domine Ipsum Lorem Ipsum Lorem Lorem et text here your text Enter Enter Lorem', CAST(N'2008-10-04T21:50:18.8538292' AS DateTime2), 1)
INSERT [dbo].[Complaint] ([ComplaintId], [PersonId], [TicketCollectorId], [Justification], [ArrivalDate], [ComplaintStatusId]) VALUES (116, NULL, 75, N'et Domine here Lorem Lorem your Enter Domine Lorem Domine Domine Enter text Lorem here your your et Lorem', CAST(N'2007-07-20T18:03:47.2945126' AS DateTime2), 2)
INSERT [dbo].[Complaint] ([ComplaintId], [PersonId], [TicketCollectorId], [Justification], [ArrivalDate], [ComplaintStatusId]) VALUES (117, 24, 15, N'Domine Lorem et here Domine your Lorem here Lorem Domine Domine Enter Domine Domine your Enter text Domine et Lorem', CAST(N'2005-09-08T20:59:34.3051031' AS DateTime2), 3)
INSERT [dbo].[Complaint] ([ComplaintId], [PersonId], [TicketCollectorId], [Justification], [ArrivalDate], [ComplaintStatusId]) VALUES (118, 94, NULL, N'Ipsum Ipsum et Enter et et your Domine text Domine here text text your Domine Lorem here Lorem Lorem', CAST(N'2015-08-17T12:08:40.1065938' AS DateTime2), 1)
INSERT [dbo].[Complaint] ([ComplaintId], [PersonId], [TicketCollectorId], [Justification], [ArrivalDate], [ComplaintStatusId]) VALUES (119, 54, NULL, N'Ipsum Enter et your text text here et text et et Lorem here Lorem your Ipsum your Enter Ipsum Ipsum text', CAST(N'2010-07-16T05:53:29.4418789' AS DateTime2), 2)
INSERT [dbo].[Complaint] ([ComplaintId], [PersonId], [TicketCollectorId], [Justification], [ArrivalDate], [ComplaintStatusId]) VALUES (120, 33, NULL, N'Ipsum your Lorem Ipsum Domine et here text Lorem your Enter Enter text Lorem Domine Ipsum Ipsum Lorem', CAST(N'2003-08-07T23:43:15.1882700' AS DateTime2), 3)
INSERT [dbo].[Complaint] ([ComplaintId], [PersonId], [TicketCollectorId], [Justification], [ArrivalDate], [ComplaintStatusId]) VALUES (121, 59, 50, N'here Lorem here your et et Ipsum Enter your here text Domine Domine your Ipsum here Lorem Ipsum Ipsum', CAST(N'2017-10-01T06:45:43.6370710' AS DateTime2), 1)
INSERT [dbo].[Complaint] ([ComplaintId], [PersonId], [TicketCollectorId], [Justification], [ArrivalDate], [ComplaintStatusId]) VALUES (122, NULL, 5, N'Lorem here Domine your Ipsum Lorem text text Lorem et here here your your Domine here your Domine Ipsum your your text', CAST(N'2009-01-31T10:56:10.3610037' AS DateTime2), 2)
INSERT [dbo].[Complaint] ([ComplaintId], [PersonId], [TicketCollectorId], [Justification], [ArrivalDate], [ComplaintStatusId]) VALUES (123, 20, 59, N'your Domine Lorem your text Enter Enter Enter Domine Enter Ipsum your Lorem text here here Lorem here et Ipsum', CAST(N'2002-12-22T09:55:51.6144263' AS DateTime2), 3)
INSERT [dbo].[Complaint] ([ComplaintId], [PersonId], [TicketCollectorId], [Justification], [ArrivalDate], [ComplaintStatusId]) VALUES (124, 66, 83, N'text your Lorem Domine et your Ipsum your your Domine here here here Ipsum text here here here Enter', CAST(N'2007-03-27T19:38:15.9804045' AS DateTime2), 1)
INSERT [dbo].[Complaint] ([ComplaintId], [PersonId], [TicketCollectorId], [Justification], [ArrivalDate], [ComplaintStatusId]) VALUES (125, 69, 27, N'Domine Ipsum Domine here here here et your Ipsum et here here here Ipsum text Domine Ipsum Enter your your Lorem', CAST(N'2010-03-14T02:35:18.8257812' AS DateTime2), 2)
INSERT [dbo].[Complaint] ([ComplaintId], [PersonId], [TicketCollectorId], [Justification], [ArrivalDate], [ComplaintStatusId]) VALUES (126, 6, NULL, N'Enter et Enter Ipsum your Enter Lorem here Ipsum text text Lorem text your Lorem text text Lorem Lorem', CAST(N'2014-10-04T12:24:01.9605762' AS DateTime2), 3)
INSERT [dbo].[Complaint] ([ComplaintId], [PersonId], [TicketCollectorId], [Justification], [ArrivalDate], [ComplaintStatusId]) VALUES (127, 7, 4, N'here Enter Domine Ipsum here here Ipsum here your Enter your your your Lorem text Lorem here Enter Enter text Ipsum', CAST(N'2016-11-06T23:08:04.0195955' AS DateTime2), 1)
INSERT [dbo].[Complaint] ([ComplaintId], [PersonId], [TicketCollectorId], [Justification], [ArrivalDate], [ComplaintStatusId]) VALUES (128, NULL, NULL, N'here Ipsum Ipsum Lorem Lorem Domine Ipsum Ipsum your your et Enter Domine text text et text Enter text your', CAST(N'2004-02-24T10:29:27.7980599' AS DateTime2), 2)
INSERT [dbo].[Complaint] ([ComplaintId], [PersonId], [TicketCollectorId], [Justification], [ArrivalDate], [ComplaintStatusId]) VALUES (129, 99, 11, N'text Ipsum et Domine Domine text here Domine Domine Lorem text et your et Ipsum your Domine text here Domine', CAST(N'2009-03-09T03:58:38.2710059' AS DateTime2), 3)
INSERT [dbo].[Complaint] ([ComplaintId], [PersonId], [TicketCollectorId], [Justification], [ArrivalDate], [ComplaintStatusId]) VALUES (130, 75, 2, N'et text Ipsum Enter et your text text Lorem Domine Domine text text Domine Ipsum Lorem Domine here your', CAST(N'2014-10-28T17:20:10.0412765' AS DateTime2), 1)
INSERT [dbo].[Complaint] ([ComplaintId], [PersonId], [TicketCollectorId], [Justification], [ArrivalDate], [ComplaintStatusId]) VALUES (131, NULL, 44, N'text text Ipsum Enter your Lorem Enter your your Enter text Ipsum your text Domine Lorem your Domine', CAST(N'2000-04-09T14:42:59.1401826' AS DateTime2), 2)
INSERT [dbo].[Complaint] ([ComplaintId], [PersonId], [TicketCollectorId], [Justification], [ArrivalDate], [ComplaintStatusId]) VALUES (132, 38, NULL, N'your Ipsum Ipsum Domine text et Domine here Ipsum here text text Enter text Ipsum et here Lorem Lorem your', CAST(N'2018-02-21T20:55:08.7279880' AS DateTime2), 3)
INSERT [dbo].[Complaint] ([ComplaintId], [PersonId], [TicketCollectorId], [Justification], [ArrivalDate], [ComplaintStatusId]) VALUES (133, 54, 8, N'Enter Enter Lorem Ipsum text Enter Enter Enter your text Domine Domine Domine Ipsum Lorem here text text', CAST(N'2017-05-12T01:21:31.4919177' AS DateTime2), 1)
INSERT [dbo].[Complaint] ([ComplaintId], [PersonId], [TicketCollectorId], [Justification], [ArrivalDate], [ComplaintStatusId]) VALUES (134, 62, 26, N'Enter here et et Ipsum your text Lorem Lorem here Domine Ipsum Enter your your Lorem Lorem here Ipsum', CAST(N'2017-10-05T13:13:23.5775050' AS DateTime2), 2)
INSERT [dbo].[Complaint] ([ComplaintId], [PersonId], [TicketCollectorId], [Justification], [ArrivalDate], [ComplaintStatusId]) VALUES (135, NULL, 33, N'et here Ipsum your Domine here Enter here Domine your Enter your text Ipsum your Ipsum text your et here', CAST(N'2010-04-06T23:07:18.5582850' AS DateTime2), 3)
INSERT [dbo].[Complaint] ([ComplaintId], [PersonId], [TicketCollectorId], [Justification], [ArrivalDate], [ComplaintStatusId]) VALUES (136, NULL, 72, N'Lorem here Ipsum your Ipsum Domine Ipsum et your Domine Enter Ipsum et here Ipsum et Lorem Domine text', CAST(N'2009-05-21T22:32:54.8390814' AS DateTime2), 1)
INSERT [dbo].[Complaint] ([ComplaintId], [PersonId], [TicketCollectorId], [Justification], [ArrivalDate], [ComplaintStatusId]) VALUES (137, 53, 15, N'Domine Lorem here here et text here Enter here your here Lorem your here your Domine Domine Enter your here et', CAST(N'2015-12-13T21:10:53.0305309' AS DateTime2), 2)
INSERT [dbo].[Complaint] ([ComplaintId], [PersonId], [TicketCollectorId], [Justification], [ArrivalDate], [ComplaintStatusId]) VALUES (138, 11, 69, N'Enter here here your here Domine et text here text Enter Domine Enter text here text here Lorem text', CAST(N'2013-01-26T13:21:19.4945375' AS DateTime2), 3)
INSERT [dbo].[Complaint] ([ComplaintId], [PersonId], [TicketCollectorId], [Justification], [ArrivalDate], [ComplaintStatusId]) VALUES (139, 94, 6, N'Lorem here here here text Ipsum et Lorem Ipsum et et text et your text text Domine text Ipsum here text', CAST(N'2015-10-10T14:32:24.4659746' AS DateTime2), 1)
INSERT [dbo].[Complaint] ([ComplaintId], [PersonId], [TicketCollectorId], [Justification], [ArrivalDate], [ComplaintStatusId]) VALUES (140, 55, 100, N'Enter Domine text text Domine Ipsum Ipsum et Enter et your et Lorem Lorem Enter Domine Domine Ipsum your', CAST(N'2005-10-17T17:29:58.2334192' AS DateTime2), 2)
INSERT [dbo].[Complaint] ([ComplaintId], [PersonId], [TicketCollectorId], [Justification], [ArrivalDate], [ComplaintStatusId]) VALUES (141, 77, 44, N'Ipsum Ipsum Lorem Ipsum Enter et Domine Enter here your Domine et Ipsum Lorem text Lorem Enter Domine Enter et Domine', CAST(N'2017-11-28T07:34:54.5157760' AS DateTime2), 3)
INSERT [dbo].[Complaint] ([ComplaintId], [PersonId], [TicketCollectorId], [Justification], [ArrivalDate], [ComplaintStatusId]) VALUES (142, 42, NULL, N'Enter Lorem Ipsum text Domine here Domine text Domine here here text Lorem your Enter et Lorem here et here', CAST(N'2014-12-07T22:35:24.5811380' AS DateTime2), 1)
INSERT [dbo].[Complaint] ([ComplaintId], [PersonId], [TicketCollectorId], [Justification], [ArrivalDate], [ComplaintStatusId]) VALUES (143, 41, 72, N'Enter text here et Domine et Enter here et Domine Lorem Lorem Enter text your et here et Enter Lorem Enter text et text', CAST(N'2012-06-07T18:19:31.9127248' AS DateTime2), 2)
INSERT [dbo].[Complaint] ([ComplaintId], [PersonId], [TicketCollectorId], [Justification], [ArrivalDate], [ComplaintStatusId]) VALUES (144, 79, NULL, N'text Domine your Ipsum Domine here here Domine Enter here Enter text Lorem Lorem here et Domine Enter Lorem Enter', CAST(N'2017-06-04T07:32:36.3657709' AS DateTime2), 3)
INSERT [dbo].[Complaint] ([ComplaintId], [PersonId], [TicketCollectorId], [Justification], [ArrivalDate], [ComplaintStatusId]) VALUES (145, 26, 8, N'et et text Enter here Enter text Enter Enter Ipsum Enter Lorem Enter here Domine your et et et text text your', CAST(N'2005-04-30T13:00:39.7644678' AS DateTime2), 1)
INSERT [dbo].[Complaint] ([ComplaintId], [PersonId], [TicketCollectorId], [Justification], [ArrivalDate], [ComplaintStatusId]) VALUES (146, 58, 50, N'here here Lorem Lorem Ipsum Enter et Lorem text et here Domine Lorem here Enter et et here Enter Lorem', CAST(N'2008-08-10T16:20:07.6413414' AS DateTime2), 2)
INSERT [dbo].[Complaint] ([ComplaintId], [PersonId], [TicketCollectorId], [Justification], [ArrivalDate], [ComplaintStatusId]) VALUES (147, NULL, NULL, N'Enter here text Enter Domine Enter et Domine et Ipsum Domine Lorem your Lorem Domine Lorem et text Domine Lorem', CAST(N'2007-07-28T12:25:05.8859989' AS DateTime2), 3)
INSERT [dbo].[Complaint] ([ComplaintId], [PersonId], [TicketCollectorId], [Justification], [ArrivalDate], [ComplaintStatusId]) VALUES (148, 97, 4, N'your Domine Domine Lorem text Ipsum Enter Lorem Domine et Ipsum Ipsum text Enter your here et Enter Domine Lorem', CAST(N'2011-10-22T19:37:56.2234004' AS DateTime2), 1)
INSERT [dbo].[Complaint] ([ComplaintId], [PersonId], [TicketCollectorId], [Justification], [ArrivalDate], [ComplaintStatusId]) VALUES (149, NULL, 87, N'Lorem text text Domine Enter text Domine Enter your Lorem Domine et your here Enter text Ipsum Enter your Enter Lorem', CAST(N'2013-04-18T07:45:49.1691556' AS DateTime2), 2)
INSERT [dbo].[Complaint] ([ComplaintId], [PersonId], [TicketCollectorId], [Justification], [ArrivalDate], [ComplaintStatusId]) VALUES (150, NULL, 19, N'Domine here here here Domine Domine Domine Ipsum Enter here Ipsum text here Ipsum et Ipsum et Ipsum Enter here et', CAST(N'2003-04-21T04:09:11.9457022' AS DateTime2), 3)
INSERT [dbo].[Complaint] ([ComplaintId], [PersonId], [TicketCollectorId], [Justification], [ArrivalDate], [ComplaintStatusId]) VALUES (151, NULL, 76, N'Lorem text Domine Ipsum text text here text Ipsum Ipsum Enter et Lorem Lorem your Ipsum Enter your Enter text', CAST(N'2003-10-27T00:06:48.6046638' AS DateTime2), 1)
INSERT [dbo].[Complaint] ([ComplaintId], [PersonId], [TicketCollectorId], [Justification], [ArrivalDate], [ComplaintStatusId]) VALUES (152, NULL, NULL, N'text here your Lorem Domine here et Domine Ipsum your Ipsum Enter Domine Ipsum Enter your here et Enter', CAST(N'2010-01-25T12:16:50.8291787' AS DateTime2), 2)
INSERT [dbo].[Complaint] ([ComplaintId], [PersonId], [TicketCollectorId], [Justification], [ArrivalDate], [ComplaintStatusId]) VALUES (153, 89, 81, N'Lorem Ipsum Lorem Domine Enter text here here Ipsum text Ipsum et Domine Lorem Enter here Lorem Ipsum', CAST(N'2018-01-29T04:52:40.6444084' AS DateTime2), 3)
INSERT [dbo].[Complaint] ([ComplaintId], [PersonId], [TicketCollectorId], [Justification], [ArrivalDate], [ComplaintStatusId]) VALUES (154, NULL, NULL, N'Domine Lorem et Domine Domine your here Ipsum Lorem Lorem et et text Domine Enter here Lorem Domine text', CAST(N'2005-12-08T18:39:17.3001399' AS DateTime2), 1)
INSERT [dbo].[Complaint] ([ComplaintId], [PersonId], [TicketCollectorId], [Justification], [ArrivalDate], [ComplaintStatusId]) VALUES (155, 85, NULL, N'Ipsum Domine text your here here Domine Enter here Lorem Lorem Ipsum Ipsum here Enter et Ipsum et Lorem Ipsum Domine Domine text Domine', CAST(N'2016-07-11T22:19:02.2594892' AS DateTime2), 2)

SET IDENTITY_INSERT [dbo].[Complaint] OFF 
SET IDENTITY_INSERT [dbo].[ControlSchedule] ON 

INSERT [dbo].[ControlSchedule] ([ControlScheduleId], [RegionId], [MeanOfTransportId], [Month]) VALUES (1, 1, 1, 1)
INSERT [dbo].[ControlSchedule] ([ControlScheduleId], [RegionId], [MeanOfTransportId], [Month]) VALUES (2, 2, 2, 2)
INSERT [dbo].[ControlSchedule] ([ControlScheduleId], [RegionId], [MeanOfTransportId], [Month]) VALUES (3, 3, 3, 3)
INSERT [dbo].[ControlSchedule] ([ControlScheduleId], [RegionId], [MeanOfTransportId], [Month]) VALUES (4, 4, 4, 4)
INSERT [dbo].[ControlSchedule] ([ControlScheduleId], [RegionId], [MeanOfTransportId], [Month]) VALUES (5, 5, 5, 5)
INSERT [dbo].[ControlSchedule] ([ControlScheduleId], [RegionId], [MeanOfTransportId], [Month]) VALUES (6, 6, 1, 6)
INSERT [dbo].[ControlSchedule] ([ControlScheduleId], [RegionId], [MeanOfTransportId], [Month]) VALUES (7, 7, 2, 7)
INSERT [dbo].[ControlSchedule] ([ControlScheduleId], [RegionId], [MeanOfTransportId], [Month]) VALUES (8, 8, 3, 8)
INSERT [dbo].[ControlSchedule] ([ControlScheduleId], [RegionId], [MeanOfTransportId], [Month]) VALUES (9, 9, 4, 9)
INSERT [dbo].[ControlSchedule] ([ControlScheduleId], [RegionId], [MeanOfTransportId], [Month]) VALUES (10, 10, 5, 10)
INSERT [dbo].[ControlSchedule] ([ControlScheduleId], [RegionId], [MeanOfTransportId], [Month]) VALUES (11, 11, 1, 11)
INSERT [dbo].[ControlSchedule] ([ControlScheduleId], [RegionId], [MeanOfTransportId], [Month]) VALUES (12, 12, 2, 12)
INSERT [dbo].[ControlSchedule] ([ControlScheduleId], [RegionId], [MeanOfTransportId], [Month]) VALUES (13, 13, 3, 1)
INSERT [dbo].[ControlSchedule] ([ControlScheduleId], [RegionId], [MeanOfTransportId], [Month]) VALUES (14, 14, 4, 2)
INSERT [dbo].[ControlSchedule] ([ControlScheduleId], [RegionId], [MeanOfTransportId], [Month]) VALUES (15, 15, 5, 3)
INSERT [dbo].[ControlSchedule] ([ControlScheduleId], [RegionId], [MeanOfTransportId], [Month]) VALUES (16, 16, 1, 4)
INSERT [dbo].[ControlSchedule] ([ControlScheduleId], [RegionId], [MeanOfTransportId], [Month]) VALUES (17, 17, 2, 5)
INSERT [dbo].[ControlSchedule] ([ControlScheduleId], [RegionId], [MeanOfTransportId], [Month]) VALUES (18, 18, 3, 6)
INSERT [dbo].[ControlSchedule] ([ControlScheduleId], [RegionId], [MeanOfTransportId], [Month]) VALUES (19, 19, 4, 7)
INSERT [dbo].[ControlSchedule] ([ControlScheduleId], [RegionId], [MeanOfTransportId], [Month]) VALUES (20, 20, 5, 8)
INSERT [dbo].[ControlSchedule] ([ControlScheduleId], [RegionId], [MeanOfTransportId], [Month]) VALUES (21, 21, 1, 9)
INSERT [dbo].[ControlSchedule] ([ControlScheduleId], [RegionId], [MeanOfTransportId], [Month]) VALUES (22, 22, 2, 10)
INSERT [dbo].[ControlSchedule] ([ControlScheduleId], [RegionId], [MeanOfTransportId], [Month]) VALUES (23, 23, 3, 11)
INSERT [dbo].[ControlSchedule] ([ControlScheduleId], [RegionId], [MeanOfTransportId], [Month]) VALUES (24, 24, 4, 12)
INSERT [dbo].[ControlSchedule] ([ControlScheduleId], [RegionId], [MeanOfTransportId], [Month]) VALUES (25, 25, 5, 1)
INSERT [dbo].[ControlSchedule] ([ControlScheduleId], [RegionId], [MeanOfTransportId], [Month]) VALUES (26, 1, 1, 2)
INSERT [dbo].[ControlSchedule] ([ControlScheduleId], [RegionId], [MeanOfTransportId], [Month]) VALUES (27, 2, 2, 3)
INSERT [dbo].[ControlSchedule] ([ControlScheduleId], [RegionId], [MeanOfTransportId], [Month]) VALUES (28, 3, 3, 4)
INSERT [dbo].[ControlSchedule] ([ControlScheduleId], [RegionId], [MeanOfTransportId], [Month]) VALUES (29, 4, 4, 5)
INSERT [dbo].[ControlSchedule] ([ControlScheduleId], [RegionId], [MeanOfTransportId], [Month]) VALUES (30, 5, 5, 6)
INSERT [dbo].[ControlSchedule] ([ControlScheduleId], [RegionId], [MeanOfTransportId], [Month]) VALUES (31, 6, 1, 7)
INSERT [dbo].[ControlSchedule] ([ControlScheduleId], [RegionId], [MeanOfTransportId], [Month]) VALUES (32, 7, 2, 8)
INSERT [dbo].[ControlSchedule] ([ControlScheduleId], [RegionId], [MeanOfTransportId], [Month]) VALUES (33, 8, 3, 9)
INSERT [dbo].[ControlSchedule] ([ControlScheduleId], [RegionId], [MeanOfTransportId], [Month]) VALUES (34, 9, 4, 10)
INSERT [dbo].[ControlSchedule] ([ControlScheduleId], [RegionId], [MeanOfTransportId], [Month]) VALUES (35, 10, 5, 11)
INSERT [dbo].[ControlSchedule] ([ControlScheduleId], [RegionId], [MeanOfTransportId], [Month]) VALUES (36, 11, 1, 12)
INSERT [dbo].[ControlSchedule] ([ControlScheduleId], [RegionId], [MeanOfTransportId], [Month]) VALUES (37, 12, 2, 1)
INSERT [dbo].[ControlSchedule] ([ControlScheduleId], [RegionId], [MeanOfTransportId], [Month]) VALUES (38, 13, 3, 2)
INSERT [dbo].[ControlSchedule] ([ControlScheduleId], [RegionId], [MeanOfTransportId], [Month]) VALUES (39, 14, 4, 3)
INSERT [dbo].[ControlSchedule] ([ControlScheduleId], [RegionId], [MeanOfTransportId], [Month]) VALUES (40, 15, 5, 4)
INSERT [dbo].[ControlSchedule] ([ControlScheduleId], [RegionId], [MeanOfTransportId], [Month]) VALUES (41, 16, 1, 5)
INSERT [dbo].[ControlSchedule] ([ControlScheduleId], [RegionId], [MeanOfTransportId], [Month]) VALUES (42, 17, 2, 6)
INSERT [dbo].[ControlSchedule] ([ControlScheduleId], [RegionId], [MeanOfTransportId], [Month]) VALUES (43, 18, 3, 7)
INSERT [dbo].[ControlSchedule] ([ControlScheduleId], [RegionId], [MeanOfTransportId], [Month]) VALUES (44, 19, 4, 8)
INSERT [dbo].[ControlSchedule] ([ControlScheduleId], [RegionId], [MeanOfTransportId], [Month]) VALUES (45, 20, 5, 9)
INSERT [dbo].[ControlSchedule] ([ControlScheduleId], [RegionId], [MeanOfTransportId], [Month]) VALUES (46, 21, 1, 10)
INSERT [dbo].[ControlSchedule] ([ControlScheduleId], [RegionId], [MeanOfTransportId], [Month]) VALUES (47, 22, 2, 11)
INSERT [dbo].[ControlSchedule] ([ControlScheduleId], [RegionId], [MeanOfTransportId], [Month]) VALUES (48, 23, 3, 12)
INSERT [dbo].[ControlSchedule] ([ControlScheduleId], [RegionId], [MeanOfTransportId], [Month]) VALUES (49, 24, 4, 1)
INSERT [dbo].[ControlSchedule] ([ControlScheduleId], [RegionId], [MeanOfTransportId], [Month]) VALUES (50, 25, 5, 2)
INSERT [dbo].[ControlSchedule] ([ControlScheduleId], [RegionId], [MeanOfTransportId], [Month]) VALUES (51, 1, 1, 3)
INSERT [dbo].[ControlSchedule] ([ControlScheduleId], [RegionId], [MeanOfTransportId], [Month]) VALUES (52, 2, 2, 4)
INSERT [dbo].[ControlSchedule] ([ControlScheduleId], [RegionId], [MeanOfTransportId], [Month]) VALUES (53, 3, 3, 5)
INSERT [dbo].[ControlSchedule] ([ControlScheduleId], [RegionId], [MeanOfTransportId], [Month]) VALUES (54, 4, 4, 6)
INSERT [dbo].[ControlSchedule] ([ControlScheduleId], [RegionId], [MeanOfTransportId], [Month]) VALUES (55, 5, 5, 7)
INSERT [dbo].[ControlSchedule] ([ControlScheduleId], [RegionId], [MeanOfTransportId], [Month]) VALUES (56, 6, 1, 8)
INSERT [dbo].[ControlSchedule] ([ControlScheduleId], [RegionId], [MeanOfTransportId], [Month]) VALUES (57, 7, 2, 9)
INSERT [dbo].[ControlSchedule] ([ControlScheduleId], [RegionId], [MeanOfTransportId], [Month]) VALUES (58, 8, 3, 10)
INSERT [dbo].[ControlSchedule] ([ControlScheduleId], [RegionId], [MeanOfTransportId], [Month]) VALUES (59, 9, 4, 11)
INSERT [dbo].[ControlSchedule] ([ControlScheduleId], [RegionId], [MeanOfTransportId], [Month]) VALUES (60, 10, 5, 12)
INSERT [dbo].[ControlSchedule] ([ControlScheduleId], [RegionId], [MeanOfTransportId], [Month]) VALUES (61, 11, 1, 1)
INSERT [dbo].[ControlSchedule] ([ControlScheduleId], [RegionId], [MeanOfTransportId], [Month]) VALUES (62, 12, 2, 2)
INSERT [dbo].[ControlSchedule] ([ControlScheduleId], [RegionId], [MeanOfTransportId], [Month]) VALUES (63, 13, 3, 3)
INSERT [dbo].[ControlSchedule] ([ControlScheduleId], [RegionId], [MeanOfTransportId], [Month]) VALUES (64, 14, 4, 4)
INSERT [dbo].[ControlSchedule] ([ControlScheduleId], [RegionId], [MeanOfTransportId], [Month]) VALUES (65, 15, 5, 5)
INSERT [dbo].[ControlSchedule] ([ControlScheduleId], [RegionId], [MeanOfTransportId], [Month]) VALUES (66, 16, 1, 6)
INSERT [dbo].[ControlSchedule] ([ControlScheduleId], [RegionId], [MeanOfTransportId], [Month]) VALUES (67, 17, 2, 7)
INSERT [dbo].[ControlSchedule] ([ControlScheduleId], [RegionId], [MeanOfTransportId], [Month]) VALUES (68, 18, 3, 8)
INSERT [dbo].[ControlSchedule] ([ControlScheduleId], [RegionId], [MeanOfTransportId], [Month]) VALUES (69, 19, 4, 9)
INSERT [dbo].[ControlSchedule] ([ControlScheduleId], [RegionId], [MeanOfTransportId], [Month]) VALUES (70, 20, 5, 10)
INSERT [dbo].[ControlSchedule] ([ControlScheduleId], [RegionId], [MeanOfTransportId], [Month]) VALUES (71, 21, 1, 11)
INSERT [dbo].[ControlSchedule] ([ControlScheduleId], [RegionId], [MeanOfTransportId], [Month]) VALUES (72, 22, 2, 12)
INSERT [dbo].[ControlSchedule] ([ControlScheduleId], [RegionId], [MeanOfTransportId], [Month]) VALUES (73, 23, 3, 1)
INSERT [dbo].[ControlSchedule] ([ControlScheduleId], [RegionId], [MeanOfTransportId], [Month]) VALUES (74, 24, 4, 2)
INSERT [dbo].[ControlSchedule] ([ControlScheduleId], [RegionId], [MeanOfTransportId], [Month]) VALUES (75, 25, 5, 3)
INSERT [dbo].[ControlSchedule] ([ControlScheduleId], [RegionId], [MeanOfTransportId], [Month]) VALUES (76, 1, 1, 4)
INSERT [dbo].[ControlSchedule] ([ControlScheduleId], [RegionId], [MeanOfTransportId], [Month]) VALUES (77, 2, 2, 5)
INSERT [dbo].[ControlSchedule] ([ControlScheduleId], [RegionId], [MeanOfTransportId], [Month]) VALUES (78, 3, 3, 6)
INSERT [dbo].[ControlSchedule] ([ControlScheduleId], [RegionId], [MeanOfTransportId], [Month]) VALUES (79, 4, 4, 7)
INSERT [dbo].[ControlSchedule] ([ControlScheduleId], [RegionId], [MeanOfTransportId], [Month]) VALUES (80, 5, 5, 8)
INSERT [dbo].[ControlSchedule] ([ControlScheduleId], [RegionId], [MeanOfTransportId], [Month]) VALUES (81, 6, 1, 9)
INSERT [dbo].[ControlSchedule] ([ControlScheduleId], [RegionId], [MeanOfTransportId], [Month]) VALUES (82, 7, 2, 10)
INSERT [dbo].[ControlSchedule] ([ControlScheduleId], [RegionId], [MeanOfTransportId], [Month]) VALUES (83, 8, 3, 11)
INSERT [dbo].[ControlSchedule] ([ControlScheduleId], [RegionId], [MeanOfTransportId], [Month]) VALUES (84, 9, 4, 12)
INSERT [dbo].[ControlSchedule] ([ControlScheduleId], [RegionId], [MeanOfTransportId], [Month]) VALUES (85, 10, 5, 1)
INSERT [dbo].[ControlSchedule] ([ControlScheduleId], [RegionId], [MeanOfTransportId], [Month]) VALUES (86, 11, 1, 2)
INSERT [dbo].[ControlSchedule] ([ControlScheduleId], [RegionId], [MeanOfTransportId], [Month]) VALUES (87, 12, 2, 3)
INSERT [dbo].[ControlSchedule] ([ControlScheduleId], [RegionId], [MeanOfTransportId], [Month]) VALUES (88, 13, 3, 4)
INSERT [dbo].[ControlSchedule] ([ControlScheduleId], [RegionId], [MeanOfTransportId], [Month]) VALUES (89, 14, 4, 5)
INSERT [dbo].[ControlSchedule] ([ControlScheduleId], [RegionId], [MeanOfTransportId], [Month]) VALUES (90, 15, 5, 6)
INSERT [dbo].[ControlSchedule] ([ControlScheduleId], [RegionId], [MeanOfTransportId], [Month]) VALUES (91, 16, 1, 7)
INSERT [dbo].[ControlSchedule] ([ControlScheduleId], [RegionId], [MeanOfTransportId], [Month]) VALUES (92, 17, 2, 8)
INSERT [dbo].[ControlSchedule] ([ControlScheduleId], [RegionId], [MeanOfTransportId], [Month]) VALUES (93, 18, 3, 9)
INSERT [dbo].[ControlSchedule] ([ControlScheduleId], [RegionId], [MeanOfTransportId], [Month]) VALUES (94, 19, 4, 10)
INSERT [dbo].[ControlSchedule] ([ControlScheduleId], [RegionId], [MeanOfTransportId], [Month]) VALUES (95, 20, 5, 11)
INSERT [dbo].[ControlSchedule] ([ControlScheduleId], [RegionId], [MeanOfTransportId], [Month]) VALUES (96, 21, 1, 12)
INSERT [dbo].[ControlSchedule] ([ControlScheduleId], [RegionId], [MeanOfTransportId], [Month]) VALUES (97, 22, 2, 1)
INSERT [dbo].[ControlSchedule] ([ControlScheduleId], [RegionId], [MeanOfTransportId], [Month]) VALUES (98, 23, 3, 2)
INSERT [dbo].[ControlSchedule] ([ControlScheduleId], [RegionId], [MeanOfTransportId], [Month]) VALUES (99, 24, 4, 3)
GO
INSERT [dbo].[ControlSchedule] ([ControlScheduleId], [RegionId], [MeanOfTransportId], [Month]) VALUES (100, 25, 5, 4)
INSERT [dbo].[ControlSchedule] ([ControlScheduleId], [RegionId], [MeanOfTransportId], [Month]) VALUES (101, 1, 1, 5)
INSERT [dbo].[ControlSchedule] ([ControlScheduleId], [RegionId], [MeanOfTransportId], [Month]) VALUES (102, 2, 2, 6)
INSERT [dbo].[ControlSchedule] ([ControlScheduleId], [RegionId], [MeanOfTransportId], [Month]) VALUES (103, 3, 3, 7)
INSERT [dbo].[ControlSchedule] ([ControlScheduleId], [RegionId], [MeanOfTransportId], [Month]) VALUES (104, 4, 4, 8)
INSERT [dbo].[ControlSchedule] ([ControlScheduleId], [RegionId], [MeanOfTransportId], [Month]) VALUES (105, 5, 5, 9)
INSERT [dbo].[ControlSchedule] ([ControlScheduleId], [RegionId], [MeanOfTransportId], [Month]) VALUES (106, 6, 1, 10)
INSERT [dbo].[ControlSchedule] ([ControlScheduleId], [RegionId], [MeanOfTransportId], [Month]) VALUES (107, 7, 2, 11)
INSERT [dbo].[ControlSchedule] ([ControlScheduleId], [RegionId], [MeanOfTransportId], [Month]) VALUES (108, 8, 3, 12)
INSERT [dbo].[ControlSchedule] ([ControlScheduleId], [RegionId], [MeanOfTransportId], [Month]) VALUES (109, 9, 4, 1)
INSERT [dbo].[ControlSchedule] ([ControlScheduleId], [RegionId], [MeanOfTransportId], [Month]) VALUES (110, 10, 5, 2)
INSERT [dbo].[ControlSchedule] ([ControlScheduleId], [RegionId], [MeanOfTransportId], [Month]) VALUES (111, 11, 1, 3)
INSERT [dbo].[ControlSchedule] ([ControlScheduleId], [RegionId], [MeanOfTransportId], [Month]) VALUES (112, 12, 2, 4)
INSERT [dbo].[ControlSchedule] ([ControlScheduleId], [RegionId], [MeanOfTransportId], [Month]) VALUES (113, 13, 3, 5)
INSERT [dbo].[ControlSchedule] ([ControlScheduleId], [RegionId], [MeanOfTransportId], [Month]) VALUES (114, 14, 4, 6)
INSERT [dbo].[ControlSchedule] ([ControlScheduleId], [RegionId], [MeanOfTransportId], [Month]) VALUES (115, 15, 5, 7)
INSERT [dbo].[ControlSchedule] ([ControlScheduleId], [RegionId], [MeanOfTransportId], [Month]) VALUES (116, 16, 1, 8)
INSERT [dbo].[ControlSchedule] ([ControlScheduleId], [RegionId], [MeanOfTransportId], [Month]) VALUES (117, 17, 2, 9)
INSERT [dbo].[ControlSchedule] ([ControlScheduleId], [RegionId], [MeanOfTransportId], [Month]) VALUES (118, 18, 3, 10)
INSERT [dbo].[ControlSchedule] ([ControlScheduleId], [RegionId], [MeanOfTransportId], [Month]) VALUES (119, 19, 4, 11)
INSERT [dbo].[ControlSchedule] ([ControlScheduleId], [RegionId], [MeanOfTransportId], [Month]) VALUES (120, 20, 5, 12)
INSERT [dbo].[ControlSchedule] ([ControlScheduleId], [RegionId], [MeanOfTransportId], [Month]) VALUES (121, 21, 1, 1)
INSERT [dbo].[ControlSchedule] ([ControlScheduleId], [RegionId], [MeanOfTransportId], [Month]) VALUES (122, 22, 2, 2)
INSERT [dbo].[ControlSchedule] ([ControlScheduleId], [RegionId], [MeanOfTransportId], [Month]) VALUES (123, 23, 3, 3)
INSERT [dbo].[ControlSchedule] ([ControlScheduleId], [RegionId], [MeanOfTransportId], [Month]) VALUES (124, 24, 4, 4)
INSERT [dbo].[ControlSchedule] ([ControlScheduleId], [RegionId], [MeanOfTransportId], [Month]) VALUES (125, 25, 5, 5)
INSERT [dbo].[ControlSchedule] ([ControlScheduleId], [RegionId], [MeanOfTransportId], [Month]) VALUES (126, 1, 1, 6)
INSERT [dbo].[ControlSchedule] ([ControlScheduleId], [RegionId], [MeanOfTransportId], [Month]) VALUES (127, 2, 2, 7)
INSERT [dbo].[ControlSchedule] ([ControlScheduleId], [RegionId], [MeanOfTransportId], [Month]) VALUES (128, 3, 3, 8)
INSERT [dbo].[ControlSchedule] ([ControlScheduleId], [RegionId], [MeanOfTransportId], [Month]) VALUES (129, 4, 4, 9)
INSERT [dbo].[ControlSchedule] ([ControlScheduleId], [RegionId], [MeanOfTransportId], [Month]) VALUES (130, 5, 5, 10)
INSERT [dbo].[ControlSchedule] ([ControlScheduleId], [RegionId], [MeanOfTransportId], [Month]) VALUES (131, 6, 1, 11)
INSERT [dbo].[ControlSchedule] ([ControlScheduleId], [RegionId], [MeanOfTransportId], [Month]) VALUES (132, 7, 2, 12)
INSERT [dbo].[ControlSchedule] ([ControlScheduleId], [RegionId], [MeanOfTransportId], [Month]) VALUES (133, 8, 3, 1)
INSERT [dbo].[ControlSchedule] ([ControlScheduleId], [RegionId], [MeanOfTransportId], [Month]) VALUES (134, 9, 4, 2)
INSERT [dbo].[ControlSchedule] ([ControlScheduleId], [RegionId], [MeanOfTransportId], [Month]) VALUES (135, 10, 5, 3)
INSERT [dbo].[ControlSchedule] ([ControlScheduleId], [RegionId], [MeanOfTransportId], [Month]) VALUES (136, 11, 1, 4)
INSERT [dbo].[ControlSchedule] ([ControlScheduleId], [RegionId], [MeanOfTransportId], [Month]) VALUES (137, 12, 2, 5)
INSERT [dbo].[ControlSchedule] ([ControlScheduleId], [RegionId], [MeanOfTransportId], [Month]) VALUES (138, 13, 3, 6)
INSERT [dbo].[ControlSchedule] ([ControlScheduleId], [RegionId], [MeanOfTransportId], [Month]) VALUES (139, 14, 4, 7)
INSERT [dbo].[ControlSchedule] ([ControlScheduleId], [RegionId], [MeanOfTransportId], [Month]) VALUES (140, 15, 5, 8)
INSERT [dbo].[ControlSchedule] ([ControlScheduleId], [RegionId], [MeanOfTransportId], [Month]) VALUES (141, 16, 1, 9)
INSERT [dbo].[ControlSchedule] ([ControlScheduleId], [RegionId], [MeanOfTransportId], [Month]) VALUES (142, 17, 2, 10)
INSERT [dbo].[ControlSchedule] ([ControlScheduleId], [RegionId], [MeanOfTransportId], [Month]) VALUES (143, 18, 3, 11)
INSERT [dbo].[ControlSchedule] ([ControlScheduleId], [RegionId], [MeanOfTransportId], [Month]) VALUES (144, 19, 4, 12)
INSERT [dbo].[ControlSchedule] ([ControlScheduleId], [RegionId], [MeanOfTransportId], [Month]) VALUES (145, 20, 5, 1)
INSERT [dbo].[ControlSchedule] ([ControlScheduleId], [RegionId], [MeanOfTransportId], [Month]) VALUES (146, 21, 1, 2)
INSERT [dbo].[ControlSchedule] ([ControlScheduleId], [RegionId], [MeanOfTransportId], [Month]) VALUES (147, 22, 2, 3)
INSERT [dbo].[ControlSchedule] ([ControlScheduleId], [RegionId], [MeanOfTransportId], [Month]) VALUES (148, 23, 3, 4)
INSERT [dbo].[ControlSchedule] ([ControlScheduleId], [RegionId], [MeanOfTransportId], [Month]) VALUES (149, 24, 4, 5)
INSERT [dbo].[ControlSchedule] ([ControlScheduleId], [RegionId], [MeanOfTransportId], [Month]) VALUES (150, 25, 5, 6)
INSERT [dbo].[ControlSchedule] ([ControlScheduleId], [RegionId], [MeanOfTransportId], [Month]) VALUES (151, 1, 1, 7)
INSERT [dbo].[ControlSchedule] ([ControlScheduleId], [RegionId], [MeanOfTransportId], [Month]) VALUES (152, 2, 2, 8)
INSERT [dbo].[ControlSchedule] ([ControlScheduleId], [RegionId], [MeanOfTransportId], [Month]) VALUES (153, 3, 3, 9)
INSERT [dbo].[ControlSchedule] ([ControlScheduleId], [RegionId], [MeanOfTransportId], [Month]) VALUES (154, 4, 4, 10)
INSERT [dbo].[ControlSchedule] ([ControlScheduleId], [RegionId], [MeanOfTransportId], [Month]) VALUES (155, 5, 5, 11)
INSERT [dbo].[ControlSchedule] ([ControlScheduleId], [RegionId], [MeanOfTransportId], [Month]) VALUES (156, 6, 1, 12)
INSERT [dbo].[ControlSchedule] ([ControlScheduleId], [RegionId], [MeanOfTransportId], [Month]) VALUES (157, 7, 2, 1)
INSERT [dbo].[ControlSchedule] ([ControlScheduleId], [RegionId], [MeanOfTransportId], [Month]) VALUES (158, 8, 3, 2)
INSERT [dbo].[ControlSchedule] ([ControlScheduleId], [RegionId], [MeanOfTransportId], [Month]) VALUES (159, 9, 4, 3)
INSERT [dbo].[ControlSchedule] ([ControlScheduleId], [RegionId], [MeanOfTransportId], [Month]) VALUES (160, 10, 5, 4)
INSERT [dbo].[ControlSchedule] ([ControlScheduleId], [RegionId], [MeanOfTransportId], [Month]) VALUES (161, 11, 1, 5)
INSERT [dbo].[ControlSchedule] ([ControlScheduleId], [RegionId], [MeanOfTransportId], [Month]) VALUES (162, 12, 2, 6)
INSERT [dbo].[ControlSchedule] ([ControlScheduleId], [RegionId], [MeanOfTransportId], [Month]) VALUES (163, 13, 3, 7)
INSERT [dbo].[ControlSchedule] ([ControlScheduleId], [RegionId], [MeanOfTransportId], [Month]) VALUES (164, 14, 4, 8)
INSERT [dbo].[ControlSchedule] ([ControlScheduleId], [RegionId], [MeanOfTransportId], [Month]) VALUES (165, 15, 5, 9)
INSERT [dbo].[ControlSchedule] ([ControlScheduleId], [RegionId], [MeanOfTransportId], [Month]) VALUES (166, 16, 1, 10)
INSERT [dbo].[ControlSchedule] ([ControlScheduleId], [RegionId], [MeanOfTransportId], [Month]) VALUES (167, 17, 2, 11)
INSERT [dbo].[ControlSchedule] ([ControlScheduleId], [RegionId], [MeanOfTransportId], [Month]) VALUES (168, 18, 3, 12)
INSERT [dbo].[ControlSchedule] ([ControlScheduleId], [RegionId], [MeanOfTransportId], [Month]) VALUES (169, 19, 4, 1)
INSERT [dbo].[ControlSchedule] ([ControlScheduleId], [RegionId], [MeanOfTransportId], [Month]) VALUES (170, 20, 5, 2)
INSERT [dbo].[ControlSchedule] ([ControlScheduleId], [RegionId], [MeanOfTransportId], [Month]) VALUES (171, 21, 1, 3)
INSERT [dbo].[ControlSchedule] ([ControlScheduleId], [RegionId], [MeanOfTransportId], [Month]) VALUES (172, 22, 2, 4)
INSERT [dbo].[ControlSchedule] ([ControlScheduleId], [RegionId], [MeanOfTransportId], [Month]) VALUES (173, 23, 3, 5)
INSERT [dbo].[ControlSchedule] ([ControlScheduleId], [RegionId], [MeanOfTransportId], [Month]) VALUES (174, 24, 4, 6)
INSERT [dbo].[ControlSchedule] ([ControlScheduleId], [RegionId], [MeanOfTransportId], [Month]) VALUES (175, 25, 5, 7)
INSERT [dbo].[ControlSchedule] ([ControlScheduleId], [RegionId], [MeanOfTransportId], [Month]) VALUES (176, 1, 1, 8)
INSERT [dbo].[ControlSchedule] ([ControlScheduleId], [RegionId], [MeanOfTransportId], [Month]) VALUES (177, 2, 2, 9)
INSERT [dbo].[ControlSchedule] ([ControlScheduleId], [RegionId], [MeanOfTransportId], [Month]) VALUES (178, 3, 3, 10)
INSERT [dbo].[ControlSchedule] ([ControlScheduleId], [RegionId], [MeanOfTransportId], [Month]) VALUES (179, 4, 4, 11)
INSERT [dbo].[ControlSchedule] ([ControlScheduleId], [RegionId], [MeanOfTransportId], [Month]) VALUES (180, 5, 5, 12)
INSERT [dbo].[ControlSchedule] ([ControlScheduleId], [RegionId], [MeanOfTransportId], [Month]) VALUES (181, 6, 1, 1)
INSERT [dbo].[ControlSchedule] ([ControlScheduleId], [RegionId], [MeanOfTransportId], [Month]) VALUES (182, 7, 2, 2)
INSERT [dbo].[ControlSchedule] ([ControlScheduleId], [RegionId], [MeanOfTransportId], [Month]) VALUES (183, 8, 3, 3)
INSERT [dbo].[ControlSchedule] ([ControlScheduleId], [RegionId], [MeanOfTransportId], [Month]) VALUES (184, 9, 4, 4)
INSERT [dbo].[ControlSchedule] ([ControlScheduleId], [RegionId], [MeanOfTransportId], [Month]) VALUES (185, 10, 5, 5)
INSERT [dbo].[ControlSchedule] ([ControlScheduleId], [RegionId], [MeanOfTransportId], [Month]) VALUES (186, 11, 1, 6)
INSERT [dbo].[ControlSchedule] ([ControlScheduleId], [RegionId], [MeanOfTransportId], [Month]) VALUES (187, 12, 2, 7)
INSERT [dbo].[ControlSchedule] ([ControlScheduleId], [RegionId], [MeanOfTransportId], [Month]) VALUES (188, 13, 3, 8)
INSERT [dbo].[ControlSchedule] ([ControlScheduleId], [RegionId], [MeanOfTransportId], [Month]) VALUES (189, 14, 4, 9)
INSERT [dbo].[ControlSchedule] ([ControlScheduleId], [RegionId], [MeanOfTransportId], [Month]) VALUES (190, 15, 5, 10)
INSERT [dbo].[ControlSchedule] ([ControlScheduleId], [RegionId], [MeanOfTransportId], [Month]) VALUES (191, 16, 1, 11)
INSERT [dbo].[ControlSchedule] ([ControlScheduleId], [RegionId], [MeanOfTransportId], [Month]) VALUES (192, 17, 2, 12)
INSERT [dbo].[ControlSchedule] ([ControlScheduleId], [RegionId], [MeanOfTransportId], [Month]) VALUES (193, 18, 3, 1)
INSERT [dbo].[ControlSchedule] ([ControlScheduleId], [RegionId], [MeanOfTransportId], [Month]) VALUES (194, 19, 4, 2)
INSERT [dbo].[ControlSchedule] ([ControlScheduleId], [RegionId], [MeanOfTransportId], [Month]) VALUES (195, 20, 5, 3)
INSERT [dbo].[ControlSchedule] ([ControlScheduleId], [RegionId], [MeanOfTransportId], [Month]) VALUES (196, 21, 1, 4)
INSERT [dbo].[ControlSchedule] ([ControlScheduleId], [RegionId], [MeanOfTransportId], [Month]) VALUES (197, 22, 2, 5)
INSERT [dbo].[ControlSchedule] ([ControlScheduleId], [RegionId], [MeanOfTransportId], [Month]) VALUES (198, 23, 3, 6)
INSERT [dbo].[ControlSchedule] ([ControlScheduleId], [RegionId], [MeanOfTransportId], [Month]) VALUES (199, 24, 4, 7)
GO
INSERT [dbo].[ControlSchedule] ([ControlScheduleId], [RegionId], [MeanOfTransportId], [Month]) VALUES (200, 25, 5, 8)
INSERT [dbo].[ControlSchedule] ([ControlScheduleId], [RegionId], [MeanOfTransportId], [Month]) VALUES (201, 1, 1, 9)
INSERT [dbo].[ControlSchedule] ([ControlScheduleId], [RegionId], [MeanOfTransportId], [Month]) VALUES (202, 2, 2, 10)
INSERT [dbo].[ControlSchedule] ([ControlScheduleId], [RegionId], [MeanOfTransportId], [Month]) VALUES (203, 3, 3, 11)
INSERT [dbo].[ControlSchedule] ([ControlScheduleId], [RegionId], [MeanOfTransportId], [Month]) VALUES (204, 4, 4, 12)
INSERT [dbo].[ControlSchedule] ([ControlScheduleId], [RegionId], [MeanOfTransportId], [Month]) VALUES (205, 5, 5, 1)
INSERT [dbo].[ControlSchedule] ([ControlScheduleId], [RegionId], [MeanOfTransportId], [Month]) VALUES (206, 6, 1, 2)
INSERT [dbo].[ControlSchedule] ([ControlScheduleId], [RegionId], [MeanOfTransportId], [Month]) VALUES (207, 7, 2, 3)
INSERT [dbo].[ControlSchedule] ([ControlScheduleId], [RegionId], [MeanOfTransportId], [Month]) VALUES (208, 8, 3, 4)
INSERT [dbo].[ControlSchedule] ([ControlScheduleId], [RegionId], [MeanOfTransportId], [Month]) VALUES (209, 9, 4, 5)
INSERT [dbo].[ControlSchedule] ([ControlScheduleId], [RegionId], [MeanOfTransportId], [Month]) VALUES (210, 10, 5, 6)
INSERT [dbo].[ControlSchedule] ([ControlScheduleId], [RegionId], [MeanOfTransportId], [Month]) VALUES (211, 11, 1, 7)
INSERT [dbo].[ControlSchedule] ([ControlScheduleId], [RegionId], [MeanOfTransportId], [Month]) VALUES (212, 12, 2, 8)
INSERT [dbo].[ControlSchedule] ([ControlScheduleId], [RegionId], [MeanOfTransportId], [Month]) VALUES (213, 13, 3, 9)
INSERT [dbo].[ControlSchedule] ([ControlScheduleId], [RegionId], [MeanOfTransportId], [Month]) VALUES (214, 14, 4, 10)
INSERT [dbo].[ControlSchedule] ([ControlScheduleId], [RegionId], [MeanOfTransportId], [Month]) VALUES (215, 15, 5, 11)
INSERT [dbo].[ControlSchedule] ([ControlScheduleId], [RegionId], [MeanOfTransportId], [Month]) VALUES (216, 16, 1, 12)
INSERT [dbo].[ControlSchedule] ([ControlScheduleId], [RegionId], [MeanOfTransportId], [Month]) VALUES (217, 17, 2, 1)
INSERT [dbo].[ControlSchedule] ([ControlScheduleId], [RegionId], [MeanOfTransportId], [Month]) VALUES (218, 18, 3, 2)
INSERT [dbo].[ControlSchedule] ([ControlScheduleId], [RegionId], [MeanOfTransportId], [Month]) VALUES (219, 19, 4, 3)
INSERT [dbo].[ControlSchedule] ([ControlScheduleId], [RegionId], [MeanOfTransportId], [Month]) VALUES (220, 20, 5, 4)
INSERT [dbo].[ControlSchedule] ([ControlScheduleId], [RegionId], [MeanOfTransportId], [Month]) VALUES (221, 21, 1, 5)
INSERT [dbo].[ControlSchedule] ([ControlScheduleId], [RegionId], [MeanOfTransportId], [Month]) VALUES (222, 22, 2, 6)
INSERT [dbo].[ControlSchedule] ([ControlScheduleId], [RegionId], [MeanOfTransportId], [Month]) VALUES (223, 23, 3, 7)
INSERT [dbo].[ControlSchedule] ([ControlScheduleId], [RegionId], [MeanOfTransportId], [Month]) VALUES (224, 24, 4, 8)
INSERT [dbo].[ControlSchedule] ([ControlScheduleId], [RegionId], [MeanOfTransportId], [Month]) VALUES (225, 25, 5, 9)
INSERT [dbo].[ControlSchedule] ([ControlScheduleId], [RegionId], [MeanOfTransportId], [Month]) VALUES (226, 1, 1, 10)
INSERT [dbo].[ControlSchedule] ([ControlScheduleId], [RegionId], [MeanOfTransportId], [Month]) VALUES (227, 2, 2, 11)
INSERT [dbo].[ControlSchedule] ([ControlScheduleId], [RegionId], [MeanOfTransportId], [Month]) VALUES (228, 3, 3, 12)
INSERT [dbo].[ControlSchedule] ([ControlScheduleId], [RegionId], [MeanOfTransportId], [Month]) VALUES (229, 4, 4, 1)
INSERT [dbo].[ControlSchedule] ([ControlScheduleId], [RegionId], [MeanOfTransportId], [Month]) VALUES (230, 5, 5, 2)
INSERT [dbo].[ControlSchedule] ([ControlScheduleId], [RegionId], [MeanOfTransportId], [Month]) VALUES (231, 6, 1, 3)
INSERT [dbo].[ControlSchedule] ([ControlScheduleId], [RegionId], [MeanOfTransportId], [Month]) VALUES (232, 7, 2, 4)
INSERT [dbo].[ControlSchedule] ([ControlScheduleId], [RegionId], [MeanOfTransportId], [Month]) VALUES (233, 8, 3, 5)
INSERT [dbo].[ControlSchedule] ([ControlScheduleId], [RegionId], [MeanOfTransportId], [Month]) VALUES (234, 9, 4, 6)
INSERT [dbo].[ControlSchedule] ([ControlScheduleId], [RegionId], [MeanOfTransportId], [Month]) VALUES (235, 10, 5, 7)
INSERT [dbo].[ControlSchedule] ([ControlScheduleId], [RegionId], [MeanOfTransportId], [Month]) VALUES (236, 11, 1, 8)
INSERT [dbo].[ControlSchedule] ([ControlScheduleId], [RegionId], [MeanOfTransportId], [Month]) VALUES (237, 12, 2, 9)
INSERT [dbo].[ControlSchedule] ([ControlScheduleId], [RegionId], [MeanOfTransportId], [Month]) VALUES (238, 13, 3, 10)
INSERT [dbo].[ControlSchedule] ([ControlScheduleId], [RegionId], [MeanOfTransportId], [Month]) VALUES (239, 14, 4, 11)
INSERT [dbo].[ControlSchedule] ([ControlScheduleId], [RegionId], [MeanOfTransportId], [Month]) VALUES (240, 15, 5, 12)
INSERT [dbo].[ControlSchedule] ([ControlScheduleId], [RegionId], [MeanOfTransportId], [Month]) VALUES (241, 16, 1, 1)
INSERT [dbo].[ControlSchedule] ([ControlScheduleId], [RegionId], [MeanOfTransportId], [Month]) VALUES (242, 17, 2, 2)
INSERT [dbo].[ControlSchedule] ([ControlScheduleId], [RegionId], [MeanOfTransportId], [Month]) VALUES (243, 18, 3, 3)
INSERT [dbo].[ControlSchedule] ([ControlScheduleId], [RegionId], [MeanOfTransportId], [Month]) VALUES (244, 19, 4, 4)
INSERT [dbo].[ControlSchedule] ([ControlScheduleId], [RegionId], [MeanOfTransportId], [Month]) VALUES (245, 20, 5, 5)
INSERT [dbo].[ControlSchedule] ([ControlScheduleId], [RegionId], [MeanOfTransportId], [Month]) VALUES (246, 21, 1, 6)
INSERT [dbo].[ControlSchedule] ([ControlScheduleId], [RegionId], [MeanOfTransportId], [Month]) VALUES (247, 22, 2, 7)
INSERT [dbo].[ControlSchedule] ([ControlScheduleId], [RegionId], [MeanOfTransportId], [Month]) VALUES (248, 23, 3, 8)
INSERT [dbo].[ControlSchedule] ([ControlScheduleId], [RegionId], [MeanOfTransportId], [Month]) VALUES (249, 24, 4, 9)
INSERT [dbo].[ControlSchedule] ([ControlScheduleId], [RegionId], [MeanOfTransportId], [Month]) VALUES (250, 25, 5, 10)
INSERT [dbo].[ControlSchedule] ([ControlScheduleId], [RegionId], [MeanOfTransportId], [Month]) VALUES (251, 1, 1, 11)
INSERT [dbo].[ControlSchedule] ([ControlScheduleId], [RegionId], [MeanOfTransportId], [Month]) VALUES (252, 2, 2, 12)
INSERT [dbo].[ControlSchedule] ([ControlScheduleId], [RegionId], [MeanOfTransportId], [Month]) VALUES (253, 3, 3, 1)
INSERT [dbo].[ControlSchedule] ([ControlScheduleId], [RegionId], [MeanOfTransportId], [Month]) VALUES (254, 4, 4, 2)
INSERT [dbo].[ControlSchedule] ([ControlScheduleId], [RegionId], [MeanOfTransportId], [Month]) VALUES (255, 5, 5, 3)
INSERT [dbo].[ControlSchedule] ([ControlScheduleId], [RegionId], [MeanOfTransportId], [Month]) VALUES (256, 6, 1, 4)
INSERT [dbo].[ControlSchedule] ([ControlScheduleId], [RegionId], [MeanOfTransportId], [Month]) VALUES (257, 7, 2, 5)
INSERT [dbo].[ControlSchedule] ([ControlScheduleId], [RegionId], [MeanOfTransportId], [Month]) VALUES (258, 8, 3, 6)
INSERT [dbo].[ControlSchedule] ([ControlScheduleId], [RegionId], [MeanOfTransportId], [Month]) VALUES (259, 9, 4, 7)
INSERT [dbo].[ControlSchedule] ([ControlScheduleId], [RegionId], [MeanOfTransportId], [Month]) VALUES (260, 10, 5, 8)
INSERT [dbo].[ControlSchedule] ([ControlScheduleId], [RegionId], [MeanOfTransportId], [Month]) VALUES (261, 11, 1, 9)
INSERT [dbo].[ControlSchedule] ([ControlScheduleId], [RegionId], [MeanOfTransportId], [Month]) VALUES (262, 12, 2, 10)
INSERT [dbo].[ControlSchedule] ([ControlScheduleId], [RegionId], [MeanOfTransportId], [Month]) VALUES (263, 13, 3, 11)
INSERT [dbo].[ControlSchedule] ([ControlScheduleId], [RegionId], [MeanOfTransportId], [Month]) VALUES (264, 14, 4, 12)
INSERT [dbo].[ControlSchedule] ([ControlScheduleId], [RegionId], [MeanOfTransportId], [Month]) VALUES (265, 15, 5, 1)
INSERT [dbo].[ControlSchedule] ([ControlScheduleId], [RegionId], [MeanOfTransportId], [Month]) VALUES (266, 16, 1, 2)
INSERT [dbo].[ControlSchedule] ([ControlScheduleId], [RegionId], [MeanOfTransportId], [Month]) VALUES (267, 17, 2, 3)
INSERT [dbo].[ControlSchedule] ([ControlScheduleId], [RegionId], [MeanOfTransportId], [Month]) VALUES (268, 18, 3, 4)
INSERT [dbo].[ControlSchedule] ([ControlScheduleId], [RegionId], [MeanOfTransportId], [Month]) VALUES (269, 19, 4, 5)
INSERT [dbo].[ControlSchedule] ([ControlScheduleId], [RegionId], [MeanOfTransportId], [Month]) VALUES (270, 20, 5, 6)
INSERT [dbo].[ControlSchedule] ([ControlScheduleId], [RegionId], [MeanOfTransportId], [Month]) VALUES (271, 21, 1, 7)
INSERT [dbo].[ControlSchedule] ([ControlScheduleId], [RegionId], [MeanOfTransportId], [Month]) VALUES (272, 22, 2, 8)
INSERT [dbo].[ControlSchedule] ([ControlScheduleId], [RegionId], [MeanOfTransportId], [Month]) VALUES (273, 23, 3, 9)
INSERT [dbo].[ControlSchedule] ([ControlScheduleId], [RegionId], [MeanOfTransportId], [Month]) VALUES (274, 24, 4, 10)
INSERT [dbo].[ControlSchedule] ([ControlScheduleId], [RegionId], [MeanOfTransportId], [Month]) VALUES (275, 25, 5, 11)
INSERT [dbo].[ControlSchedule] ([ControlScheduleId], [RegionId], [MeanOfTransportId], [Month]) VALUES (276, 1, 1, 12)
INSERT [dbo].[ControlSchedule] ([ControlScheduleId], [RegionId], [MeanOfTransportId], [Month]) VALUES (277, 2, 2, 1)
INSERT [dbo].[ControlSchedule] ([ControlScheduleId], [RegionId], [MeanOfTransportId], [Month]) VALUES (278, 3, 3, 2)
INSERT [dbo].[ControlSchedule] ([ControlScheduleId], [RegionId], [MeanOfTransportId], [Month]) VALUES (279, 4, 4, 3)
INSERT [dbo].[ControlSchedule] ([ControlScheduleId], [RegionId], [MeanOfTransportId], [Month]) VALUES (280, 5, 5, 4)
INSERT [dbo].[ControlSchedule] ([ControlScheduleId], [RegionId], [MeanOfTransportId], [Month]) VALUES (281, 6, 1, 5)
INSERT [dbo].[ControlSchedule] ([ControlScheduleId], [RegionId], [MeanOfTransportId], [Month]) VALUES (282, 7, 2, 6)
INSERT [dbo].[ControlSchedule] ([ControlScheduleId], [RegionId], [MeanOfTransportId], [Month]) VALUES (283, 8, 3, 7)
INSERT [dbo].[ControlSchedule] ([ControlScheduleId], [RegionId], [MeanOfTransportId], [Month]) VALUES (284, 9, 4, 8)
INSERT [dbo].[ControlSchedule] ([ControlScheduleId], [RegionId], [MeanOfTransportId], [Month]) VALUES (285, 10, 5, 9)
INSERT [dbo].[ControlSchedule] ([ControlScheduleId], [RegionId], [MeanOfTransportId], [Month]) VALUES (286, 11, 1, 10)
INSERT [dbo].[ControlSchedule] ([ControlScheduleId], [RegionId], [MeanOfTransportId], [Month]) VALUES (287, 12, 2, 11)
INSERT [dbo].[ControlSchedule] ([ControlScheduleId], [RegionId], [MeanOfTransportId], [Month]) VALUES (288, 13, 3, 12)
INSERT [dbo].[ControlSchedule] ([ControlScheduleId], [RegionId], [MeanOfTransportId], [Month]) VALUES (289, 14, 4, 1)
INSERT [dbo].[ControlSchedule] ([ControlScheduleId], [RegionId], [MeanOfTransportId], [Month]) VALUES (290, 15, 5, 2)
INSERT [dbo].[ControlSchedule] ([ControlScheduleId], [RegionId], [MeanOfTransportId], [Month]) VALUES (291, 16, 1, 3)
INSERT [dbo].[ControlSchedule] ([ControlScheduleId], [RegionId], [MeanOfTransportId], [Month]) VALUES (292, 17, 2, 4)
INSERT [dbo].[ControlSchedule] ([ControlScheduleId], [RegionId], [MeanOfTransportId], [Month]) VALUES (293, 18, 3, 5)
INSERT [dbo].[ControlSchedule] ([ControlScheduleId], [RegionId], [MeanOfTransportId], [Month]) VALUES (294, 19, 4, 6)
INSERT [dbo].[ControlSchedule] ([ControlScheduleId], [RegionId], [MeanOfTransportId], [Month]) VALUES (295, 20, 5, 7)
INSERT [dbo].[ControlSchedule] ([ControlScheduleId], [RegionId], [MeanOfTransportId], [Month]) VALUES (296, 21, 1, 8)
INSERT [dbo].[ControlSchedule] ([ControlScheduleId], [RegionId], [MeanOfTransportId], [Month]) VALUES (297, 22, 2, 9)
INSERT [dbo].[ControlSchedule] ([ControlScheduleId], [RegionId], [MeanOfTransportId], [Month]) VALUES (298, 23, 3, 10)
INSERT [dbo].[ControlSchedule] ([ControlScheduleId], [RegionId], [MeanOfTransportId], [Month]) VALUES (299, 24, 4, 11)
GO
INSERT [dbo].[ControlSchedule] ([ControlScheduleId], [RegionId], [MeanOfTransportId], [Month]) VALUES (300, 25, 5, 12)
INSERT [dbo].[ControlSchedule] ([ControlScheduleId], [RegionId], [MeanOfTransportId], [Month]) VALUES (301, 1, 1, 1)
INSERT [dbo].[ControlSchedule] ([ControlScheduleId], [RegionId], [MeanOfTransportId], [Month]) VALUES (302, 2, 2, 2)
INSERT [dbo].[ControlSchedule] ([ControlScheduleId], [RegionId], [MeanOfTransportId], [Month]) VALUES (303, 3, 3, 3)
INSERT [dbo].[ControlSchedule] ([ControlScheduleId], [RegionId], [MeanOfTransportId], [Month]) VALUES (304, 4, 4, 4)
INSERT [dbo].[ControlSchedule] ([ControlScheduleId], [RegionId], [MeanOfTransportId], [Month]) VALUES (305, 5, 5, 5)
INSERT [dbo].[ControlSchedule] ([ControlScheduleId], [RegionId], [MeanOfTransportId], [Month]) VALUES (306, 6, 1, 6)
INSERT [dbo].[ControlSchedule] ([ControlScheduleId], [RegionId], [MeanOfTransportId], [Month]) VALUES (307, 7, 2, 7)
INSERT [dbo].[ControlSchedule] ([ControlScheduleId], [RegionId], [MeanOfTransportId], [Month]) VALUES (308, 8, 3, 8)
INSERT [dbo].[ControlSchedule] ([ControlScheduleId], [RegionId], [MeanOfTransportId], [Month]) VALUES (309, 9, 4, 9)
INSERT [dbo].[ControlSchedule] ([ControlScheduleId], [RegionId], [MeanOfTransportId], [Month]) VALUES (310, 10, 5, 10)
INSERT [dbo].[ControlSchedule] ([ControlScheduleId], [RegionId], [MeanOfTransportId], [Month]) VALUES (311, 11, 1, 11)
INSERT [dbo].[ControlSchedule] ([ControlScheduleId], [RegionId], [MeanOfTransportId], [Month]) VALUES (312, 12, 2, 12)
INSERT [dbo].[ControlSchedule] ([ControlScheduleId], [RegionId], [MeanOfTransportId], [Month]) VALUES (313, 13, 3, 1)
INSERT [dbo].[ControlSchedule] ([ControlScheduleId], [RegionId], [MeanOfTransportId], [Month]) VALUES (314, 14, 4, 2)
INSERT [dbo].[ControlSchedule] ([ControlScheduleId], [RegionId], [MeanOfTransportId], [Month]) VALUES (315, 15, 5, 3)
INSERT [dbo].[ControlSchedule] ([ControlScheduleId], [RegionId], [MeanOfTransportId], [Month]) VALUES (316, 16, 1, 4)
INSERT [dbo].[ControlSchedule] ([ControlScheduleId], [RegionId], [MeanOfTransportId], [Month]) VALUES (317, 17, 2, 5)
INSERT [dbo].[ControlSchedule] ([ControlScheduleId], [RegionId], [MeanOfTransportId], [Month]) VALUES (318, 18, 3, 6)
INSERT [dbo].[ControlSchedule] ([ControlScheduleId], [RegionId], [MeanOfTransportId], [Month]) VALUES (319, 19, 4, 7)
INSERT [dbo].[ControlSchedule] ([ControlScheduleId], [RegionId], [MeanOfTransportId], [Month]) VALUES (320, 20, 5, 8)
INSERT [dbo].[ControlSchedule] ([ControlScheduleId], [RegionId], [MeanOfTransportId], [Month]) VALUES (321, 21, 1, 9)
INSERT [dbo].[ControlSchedule] ([ControlScheduleId], [RegionId], [MeanOfTransportId], [Month]) VALUES (322, 22, 2, 10)
INSERT [dbo].[ControlSchedule] ([ControlScheduleId], [RegionId], [MeanOfTransportId], [Month]) VALUES (323, 23, 3, 11)
INSERT [dbo].[ControlSchedule] ([ControlScheduleId], [RegionId], [MeanOfTransportId], [Month]) VALUES (324, 24, 4, 12)
INSERT [dbo].[ControlSchedule] ([ControlScheduleId], [RegionId], [MeanOfTransportId], [Month]) VALUES (325, 25, 5, 1)
INSERT [dbo].[ControlSchedule] ([ControlScheduleId], [RegionId], [MeanOfTransportId], [Month]) VALUES (326, 1, 1, 2)
INSERT [dbo].[ControlSchedule] ([ControlScheduleId], [RegionId], [MeanOfTransportId], [Month]) VALUES (327, 2, 2, 3)
INSERT [dbo].[ControlSchedule] ([ControlScheduleId], [RegionId], [MeanOfTransportId], [Month]) VALUES (328, 3, 3, 4)
INSERT [dbo].[ControlSchedule] ([ControlScheduleId], [RegionId], [MeanOfTransportId], [Month]) VALUES (329, 4, 4, 5)
INSERT [dbo].[ControlSchedule] ([ControlScheduleId], [RegionId], [MeanOfTransportId], [Month]) VALUES (330, 5, 5, 6)
INSERT [dbo].[ControlSchedule] ([ControlScheduleId], [RegionId], [MeanOfTransportId], [Month]) VALUES (331, 6, 1, 7)
INSERT [dbo].[ControlSchedule] ([ControlScheduleId], [RegionId], [MeanOfTransportId], [Month]) VALUES (332, 7, 2, 8)
INSERT [dbo].[ControlSchedule] ([ControlScheduleId], [RegionId], [MeanOfTransportId], [Month]) VALUES (333, 8, 3, 9)
INSERT [dbo].[ControlSchedule] ([ControlScheduleId], [RegionId], [MeanOfTransportId], [Month]) VALUES (334, 9, 4, 10)
INSERT [dbo].[ControlSchedule] ([ControlScheduleId], [RegionId], [MeanOfTransportId], [Month]) VALUES (335, 10, 5, 11)
INSERT [dbo].[ControlSchedule] ([ControlScheduleId], [RegionId], [MeanOfTransportId], [Month]) VALUES (336, 11, 1, 12)
INSERT [dbo].[ControlSchedule] ([ControlScheduleId], [RegionId], [MeanOfTransportId], [Month]) VALUES (337, 12, 2, 1)
INSERT [dbo].[ControlSchedule] ([ControlScheduleId], [RegionId], [MeanOfTransportId], [Month]) VALUES (338, 13, 3, 2)
INSERT [dbo].[ControlSchedule] ([ControlScheduleId], [RegionId], [MeanOfTransportId], [Month]) VALUES (339, 14, 4, 3)
INSERT [dbo].[ControlSchedule] ([ControlScheduleId], [RegionId], [MeanOfTransportId], [Month]) VALUES (340, 15, 5, 4)
INSERT [dbo].[ControlSchedule] ([ControlScheduleId], [RegionId], [MeanOfTransportId], [Month]) VALUES (341, 16, 1, 5)
INSERT [dbo].[ControlSchedule] ([ControlScheduleId], [RegionId], [MeanOfTransportId], [Month]) VALUES (342, 17, 2, 6)
INSERT [dbo].[ControlSchedule] ([ControlScheduleId], [RegionId], [MeanOfTransportId], [Month]) VALUES (343, 18, 3, 7)
INSERT [dbo].[ControlSchedule] ([ControlScheduleId], [RegionId], [MeanOfTransportId], [Month]) VALUES (344, 19, 4, 8)
INSERT [dbo].[ControlSchedule] ([ControlScheduleId], [RegionId], [MeanOfTransportId], [Month]) VALUES (345, 20, 5, 9)
INSERT [dbo].[ControlSchedule] ([ControlScheduleId], [RegionId], [MeanOfTransportId], [Month]) VALUES (346, 21, 1, 10)
INSERT [dbo].[ControlSchedule] ([ControlScheduleId], [RegionId], [MeanOfTransportId], [Month]) VALUES (347, 22, 2, 11)
INSERT [dbo].[ControlSchedule] ([ControlScheduleId], [RegionId], [MeanOfTransportId], [Month]) VALUES (348, 23, 3, 12)
INSERT [dbo].[ControlSchedule] ([ControlScheduleId], [RegionId], [MeanOfTransportId], [Month]) VALUES (349, 24, 4, 1)
INSERT [dbo].[ControlSchedule] ([ControlScheduleId], [RegionId], [MeanOfTransportId], [Month]) VALUES (350, 25, 5, 2)
INSERT [dbo].[ControlSchedule] ([ControlScheduleId], [RegionId], [MeanOfTransportId], [Month]) VALUES (351, 1, 1, 3)
INSERT [dbo].[ControlSchedule] ([ControlScheduleId], [RegionId], [MeanOfTransportId], [Month]) VALUES (352, 2, 2, 4)
INSERT [dbo].[ControlSchedule] ([ControlScheduleId], [RegionId], [MeanOfTransportId], [Month]) VALUES (353, 3, 3, 5)
INSERT [dbo].[ControlSchedule] ([ControlScheduleId], [RegionId], [MeanOfTransportId], [Month]) VALUES (354, 4, 4, 6)
INSERT [dbo].[ControlSchedule] ([ControlScheduleId], [RegionId], [MeanOfTransportId], [Month]) VALUES (355, 5, 5, 7)
INSERT [dbo].[ControlSchedule] ([ControlScheduleId], [RegionId], [MeanOfTransportId], [Month]) VALUES (356, 6, 1, 8)
INSERT [dbo].[ControlSchedule] ([ControlScheduleId], [RegionId], [MeanOfTransportId], [Month]) VALUES (357, 7, 2, 9)
INSERT [dbo].[ControlSchedule] ([ControlScheduleId], [RegionId], [MeanOfTransportId], [Month]) VALUES (358, 8, 3, 10)
INSERT [dbo].[ControlSchedule] ([ControlScheduleId], [RegionId], [MeanOfTransportId], [Month]) VALUES (359, 9, 4, 11)
INSERT [dbo].[ControlSchedule] ([ControlScheduleId], [RegionId], [MeanOfTransportId], [Month]) VALUES (360, 10, 5, 12)
INSERT [dbo].[ControlSchedule] ([ControlScheduleId], [RegionId], [MeanOfTransportId], [Month]) VALUES (361, 11, 1, 1)
INSERT [dbo].[ControlSchedule] ([ControlScheduleId], [RegionId], [MeanOfTransportId], [Month]) VALUES (362, 12, 2, 2)
INSERT [dbo].[ControlSchedule] ([ControlScheduleId], [RegionId], [MeanOfTransportId], [Month]) VALUES (363, 13, 3, 3)
INSERT [dbo].[ControlSchedule] ([ControlScheduleId], [RegionId], [MeanOfTransportId], [Month]) VALUES (364, 14, 4, 4)
INSERT [dbo].[ControlSchedule] ([ControlScheduleId], [RegionId], [MeanOfTransportId], [Month]) VALUES (365, 15, 5, 5)
INSERT [dbo].[ControlSchedule] ([ControlScheduleId], [RegionId], [MeanOfTransportId], [Month]) VALUES (366, 16, 1, 6)
INSERT [dbo].[ControlSchedule] ([ControlScheduleId], [RegionId], [MeanOfTransportId], [Month]) VALUES (367, 17, 2, 7)
INSERT [dbo].[ControlSchedule] ([ControlScheduleId], [RegionId], [MeanOfTransportId], [Month]) VALUES (368, 18, 3, 8)
INSERT [dbo].[ControlSchedule] ([ControlScheduleId], [RegionId], [MeanOfTransportId], [Month]) VALUES (369, 19, 4, 9)
INSERT [dbo].[ControlSchedule] ([ControlScheduleId], [RegionId], [MeanOfTransportId], [Month]) VALUES (370, 20, 5, 10)
INSERT [dbo].[ControlSchedule] ([ControlScheduleId], [RegionId], [MeanOfTransportId], [Month]) VALUES (371, 21, 1, 11)
INSERT [dbo].[ControlSchedule] ([ControlScheduleId], [RegionId], [MeanOfTransportId], [Month]) VALUES (372, 22, 2, 12)
INSERT [dbo].[ControlSchedule] ([ControlScheduleId], [RegionId], [MeanOfTransportId], [Month]) VALUES (373, 23, 3, 1)
INSERT [dbo].[ControlSchedule] ([ControlScheduleId], [RegionId], [MeanOfTransportId], [Month]) VALUES (374, 24, 4, 2)
INSERT [dbo].[ControlSchedule] ([ControlScheduleId], [RegionId], [MeanOfTransportId], [Month]) VALUES (375, 25, 5, 3)
INSERT [dbo].[ControlSchedule] ([ControlScheduleId], [RegionId], [MeanOfTransportId], [Month]) VALUES (376, 1, 1, 4)
INSERT [dbo].[ControlSchedule] ([ControlScheduleId], [RegionId], [MeanOfTransportId], [Month]) VALUES (377, 2, 2, 5)
INSERT [dbo].[ControlSchedule] ([ControlScheduleId], [RegionId], [MeanOfTransportId], [Month]) VALUES (378, 3, 3, 6)
INSERT [dbo].[ControlSchedule] ([ControlScheduleId], [RegionId], [MeanOfTransportId], [Month]) VALUES (379, 4, 4, 7)
INSERT [dbo].[ControlSchedule] ([ControlScheduleId], [RegionId], [MeanOfTransportId], [Month]) VALUES (380, 5, 5, 8)
INSERT [dbo].[ControlSchedule] ([ControlScheduleId], [RegionId], [MeanOfTransportId], [Month]) VALUES (381, 6, 1, 9)
INSERT [dbo].[ControlSchedule] ([ControlScheduleId], [RegionId], [MeanOfTransportId], [Month]) VALUES (382, 7, 2, 10)
INSERT [dbo].[ControlSchedule] ([ControlScheduleId], [RegionId], [MeanOfTransportId], [Month]) VALUES (383, 8, 3, 11)
INSERT [dbo].[ControlSchedule] ([ControlScheduleId], [RegionId], [MeanOfTransportId], [Month]) VALUES (384, 9, 4, 12)
INSERT [dbo].[ControlSchedule] ([ControlScheduleId], [RegionId], [MeanOfTransportId], [Month]) VALUES (385, 10, 5, 1)
INSERT [dbo].[ControlSchedule] ([ControlScheduleId], [RegionId], [MeanOfTransportId], [Month]) VALUES (386, 11, 1, 2)
INSERT [dbo].[ControlSchedule] ([ControlScheduleId], [RegionId], [MeanOfTransportId], [Month]) VALUES (387, 12, 2, 3)
INSERT [dbo].[ControlSchedule] ([ControlScheduleId], [RegionId], [MeanOfTransportId], [Month]) VALUES (388, 13, 3, 4)
INSERT [dbo].[ControlSchedule] ([ControlScheduleId], [RegionId], [MeanOfTransportId], [Month]) VALUES (389, 14, 4, 5)
INSERT [dbo].[ControlSchedule] ([ControlScheduleId], [RegionId], [MeanOfTransportId], [Month]) VALUES (390, 15, 5, 6)
INSERT [dbo].[ControlSchedule] ([ControlScheduleId], [RegionId], [MeanOfTransportId], [Month]) VALUES (391, 16, 1, 7)
INSERT [dbo].[ControlSchedule] ([ControlScheduleId], [RegionId], [MeanOfTransportId], [Month]) VALUES (392, 17, 2, 8)
INSERT [dbo].[ControlSchedule] ([ControlScheduleId], [RegionId], [MeanOfTransportId], [Month]) VALUES (393, 18, 3, 9)
INSERT [dbo].[ControlSchedule] ([ControlScheduleId], [RegionId], [MeanOfTransportId], [Month]) VALUES (394, 19, 4, 10)
INSERT [dbo].[ControlSchedule] ([ControlScheduleId], [RegionId], [MeanOfTransportId], [Month]) VALUES (395, 20, 5, 11)
INSERT [dbo].[ControlSchedule] ([ControlScheduleId], [RegionId], [MeanOfTransportId], [Month]) VALUES (396, 21, 1, 12)
INSERT [dbo].[ControlSchedule] ([ControlScheduleId], [RegionId], [MeanOfTransportId], [Month]) VALUES (397, 22, 2, 1)
INSERT [dbo].[ControlSchedule] ([ControlScheduleId], [RegionId], [MeanOfTransportId], [Month]) VALUES (398, 23, 3, 2)
INSERT [dbo].[ControlSchedule] ([ControlScheduleId], [RegionId], [MeanOfTransportId], [Month]) VALUES (399, 24, 4, 3)
GO
INSERT [dbo].[ControlSchedule] ([ControlScheduleId], [RegionId], [MeanOfTransportId], [Month]) VALUES (1500, 25, 5, 12)
SET IDENTITY_INSERT [dbo].[ControlSchedule] OFF
SET IDENTITY_INSERT [dbo].[Fine] ON 

INSERT [dbo].[Fine] ([FineId], [TicketCollectorId], [PersonId], [WritingDate], [FineTypeId], [FineAmountWithInterests], [PaymentStatusId]) VALUES (1, 11, 63, CAST(N'1996-11-18T07:44:27.9829935' AS DateTime2), 5, 384.91351920408829, 3)
INSERT [dbo].[Fine] ([FineId], [TicketCollectorId], [PersonId], [WritingDate], [FineTypeId], [FineAmountWithInterests], [PaymentStatusId]) VALUES (2, 96, 25, CAST(N'2010-09-14T01:20:46.6117345' AS DateTime2), 6, 254.1521928525307, 1)
INSERT [dbo].[Fine] ([FineId], [TicketCollectorId], [PersonId], [WritingDate], [FineTypeId], [FineAmountWithInterests], [PaymentStatusId]) VALUES (3, 53, 23, CAST(N'2010-10-03T11:35:33.9590073' AS DateTime2), 5, 635.54327592046161, 1)
INSERT [dbo].[Fine] ([FineId], [TicketCollectorId], [PersonId], [WritingDate], [FineTypeId], [FineAmountWithInterests], [PaymentStatusId]) VALUES (4, 4, 25, CAST(N'1999-02-13T22:14:11.0555967' AS DateTime2), 5, 1775.2390446957381, 2)
INSERT [dbo].[Fine] ([FineId], [TicketCollectorId], [PersonId], [WritingDate], [FineTypeId], [FineAmountWithInterests], [PaymentStatusId]) VALUES (5, 95, 40, CAST(N'2008-11-27T13:55:07.9293618' AS DateTime2), 3, 1498.1038642572723, 3)
INSERT [dbo].[Fine] ([FineId], [TicketCollectorId], [PersonId], [WritingDate], [FineTypeId], [FineAmountWithInterests], [PaymentStatusId]) VALUES (6, 92, 80, CAST(N'1994-09-08T08:28:39.0469094' AS DateTime2), 4, 827.57999972793277, 2)
INSERT [dbo].[Fine] ([FineId], [TicketCollectorId], [PersonId], [WritingDate], [FineTypeId], [FineAmountWithInterests], [PaymentStatusId]) VALUES (7, 60, 5, CAST(N'1998-03-13T14:57:21.1289093' AS DateTime2), 7, 773.08775241164847, 2)
INSERT [dbo].[Fine] ([FineId], [TicketCollectorId], [PersonId], [WritingDate], [FineTypeId], [FineAmountWithInterests], [PaymentStatusId]) VALUES (8, 85, 35, CAST(N'2014-09-29T02:47:24.8117452' AS DateTime2), 3, 1699.8276345896663, 2)
INSERT [dbo].[Fine] ([FineId], [TicketCollectorId], [PersonId], [WritingDate], [FineTypeId], [FineAmountWithInterests], [PaymentStatusId]) VALUES (9, 85, 97, CAST(N'2007-01-10T17:36:49.6259174' AS DateTime2), 2, 679.47630243351512, 1)
INSERT [dbo].[Fine] ([FineId], [TicketCollectorId], [PersonId], [WritingDate], [FineTypeId], [FineAmountWithInterests], [PaymentStatusId]) VALUES (10, 5, 42, CAST(N'1997-07-10T22:05:36.8433384' AS DateTime2), 2, 1043.9117769915201, 1)
INSERT [dbo].[Fine] ([FineId], [TicketCollectorId], [PersonId], [WritingDate], [FineTypeId], [FineAmountWithInterests], [PaymentStatusId]) VALUES (11, 68, 42, CAST(N'1992-10-27T02:33:11.3931189' AS DateTime2), 7, 1247.6027455402552, 3)
INSERT [dbo].[Fine] ([FineId], [TicketCollectorId], [PersonId], [WritingDate], [FineTypeId], [FineAmountWithInterests], [PaymentStatusId]) VALUES (12, 6, 84, CAST(N'2011-06-03T09:28:08.1710643' AS DateTime2), 3, 354.5087642755866, 2)
INSERT [dbo].[Fine] ([FineId], [TicketCollectorId], [PersonId], [WritingDate], [FineTypeId], [FineAmountWithInterests], [PaymentStatusId]) VALUES (13, 12, 81, CAST(N'1997-01-31T22:45:43.4778416' AS DateTime2), 2, 1738.9028592681991, 3)
INSERT [dbo].[Fine] ([FineId], [TicketCollectorId], [PersonId], [WritingDate], [FineTypeId], [FineAmountWithInterests], [PaymentStatusId]) VALUES (14, 96, 48, CAST(N'1992-03-25T06:05:06.6837219' AS DateTime2), 4, 72.742221910852109, 3)
INSERT [dbo].[Fine] ([FineId], [TicketCollectorId], [PersonId], [WritingDate], [FineTypeId], [FineAmountWithInterests], [PaymentStatusId]) VALUES (15, 77, 47, CAST(N'2018-01-12T11:49:10.5771090' AS DateTime2), 7, 1133.5451654780402, 2)
INSERT [dbo].[Fine] ([FineId], [TicketCollectorId], [PersonId], [WritingDate], [FineTypeId], [FineAmountWithInterests], [PaymentStatusId]) VALUES (16, 70, 32, CAST(N'2002-09-30T20:25:33.0983907' AS DateTime2), 4, 381.12538046255958, 2)
INSERT [dbo].[Fine] ([FineId], [TicketCollectorId], [PersonId], [WritingDate], [FineTypeId], [FineAmountWithInterests], [PaymentStatusId]) VALUES (17, 8, 50, CAST(N'2007-04-10T08:52:26.9958737' AS DateTime2), 3, 1509.8336197015988, 3)
INSERT [dbo].[Fine] ([FineId], [TicketCollectorId], [PersonId], [WritingDate], [FineTypeId], [FineAmountWithInterests], [PaymentStatusId]) VALUES (18, 14, 76, CAST(N'2014-09-21T17:42:57.4491890' AS DateTime2), 7, 1225.1746613649532, 3)
INSERT [dbo].[Fine] ([FineId], [TicketCollectorId], [PersonId], [WritingDate], [FineTypeId], [FineAmountWithInterests], [PaymentStatusId]) VALUES (19, 59, 62, CAST(N'2011-08-30T05:25:57.3759647' AS DateTime2), 5, 1385.6711235761973, 3)
INSERT [dbo].[Fine] ([FineId], [TicketCollectorId], [PersonId], [WritingDate], [FineTypeId], [FineAmountWithInterests], [PaymentStatusId]) VALUES (20, 70, 9, CAST(N'1990-06-21T19:57:21.8111241' AS DateTime2), 6, 483.62905927171425, 3)
INSERT [dbo].[Fine] ([FineId], [TicketCollectorId], [PersonId], [WritingDate], [FineTypeId], [FineAmountWithInterests], [PaymentStatusId]) VALUES (21, 19, 33, CAST(N'2018-07-22T05:39:10.9047528' AS DateTime2), 5, 1437.9703148444976, 2)
INSERT [dbo].[Fine] ([FineId], [TicketCollectorId], [PersonId], [WritingDate], [FineTypeId], [FineAmountWithInterests], [PaymentStatusId]) VALUES (22, 100, 24, CAST(N'2003-06-21T18:01:05.4700432' AS DateTime2), 6, 1947.6968804130781, 3)
INSERT [dbo].[Fine] ([FineId], [TicketCollectorId], [PersonId], [WritingDate], [FineTypeId], [FineAmountWithInterests], [PaymentStatusId]) VALUES (23, 41, 58, CAST(N'2002-03-01T11:56:07.6883853' AS DateTime2), 7, 162.89928842470948, 1)
INSERT [dbo].[Fine] ([FineId], [TicketCollectorId], [PersonId], [WritingDate], [FineTypeId], [FineAmountWithInterests], [PaymentStatusId]) VALUES (24, 31, 66, CAST(N'2001-07-25T08:27:50.8971806' AS DateTime2), 3, 1400.1526308246669, 1)
INSERT [dbo].[Fine] ([FineId], [TicketCollectorId], [PersonId], [WritingDate], [FineTypeId], [FineAmountWithInterests], [PaymentStatusId]) VALUES (25, 23, 33, CAST(N'2013-09-13T22:01:44.6605703' AS DateTime2), 4, 1242.7458889981481, 1)
INSERT [dbo].[Fine] ([FineId], [TicketCollectorId], [PersonId], [WritingDate], [FineTypeId], [FineAmountWithInterests], [PaymentStatusId]) VALUES (26, 65, 30, CAST(N'2004-09-04T21:51:35.9018120' AS DateTime2), 5, 439.6201122736652, 3)
INSERT [dbo].[Fine] ([FineId], [TicketCollectorId], [PersonId], [WritingDate], [FineTypeId], [FineAmountWithInterests], [PaymentStatusId]) VALUES (27, 40, 26, CAST(N'2005-12-09T12:04:11.2949356' AS DateTime2), 7, 1660.2703135741269, 3)
INSERT [dbo].[Fine] ([FineId], [TicketCollectorId], [PersonId], [WritingDate], [FineTypeId], [FineAmountWithInterests], [PaymentStatusId]) VALUES (28, 23, 85, CAST(N'2017-03-25T18:50:09.0708154' AS DateTime2), 1, 1399.7259984722948, 1)
INSERT [dbo].[Fine] ([FineId], [TicketCollectorId], [PersonId], [WritingDate], [FineTypeId], [FineAmountWithInterests], [PaymentStatusId]) VALUES (29, 20, 47, CAST(N'2014-08-11T23:37:33.5846510' AS DateTime2), 1, 592.62406481086464, 1)
INSERT [dbo].[Fine] ([FineId], [TicketCollectorId], [PersonId], [WritingDate], [FineTypeId], [FineAmountWithInterests], [PaymentStatusId]) VALUES (30, 64, 45, CAST(N'2003-09-03T18:27:23.8933071' AS DateTime2), 1, 1721.582886633269, 2)
INSERT [dbo].[Fine] ([FineId], [TicketCollectorId], [PersonId], [WritingDate], [FineTypeId], [FineAmountWithInterests], [PaymentStatusId]) VALUES (31, 71, 8, CAST(N'2016-10-10T17:07:34.2075966' AS DateTime2), 6, 370.08604797072991, 3)
INSERT [dbo].[Fine] ([FineId], [TicketCollectorId], [PersonId], [WritingDate], [FineTypeId], [FineAmountWithInterests], [PaymentStatusId]) VALUES (32, 64, 90, CAST(N'1996-02-19T04:34:23.9971675' AS DateTime2), 3, 1369.4093569039412, 2)
INSERT [dbo].[Fine] ([FineId], [TicketCollectorId], [PersonId], [WritingDate], [FineTypeId], [FineAmountWithInterests], [PaymentStatusId]) VALUES (33, 80, 21, CAST(N'1996-02-22T05:44:27.1941659' AS DateTime2), 1, 815.11648502904757, 1)
INSERT [dbo].[Fine] ([FineId], [TicketCollectorId], [PersonId], [WritingDate], [FineTypeId], [FineAmountWithInterests], [PaymentStatusId]) VALUES (34, 71, 73, CAST(N'2014-09-29T10:15:50.1947694' AS DateTime2), 6, 1606.3415573939408, 3)
INSERT [dbo].[Fine] ([FineId], [TicketCollectorId], [PersonId], [WritingDate], [FineTypeId], [FineAmountWithInterests], [PaymentStatusId]) VALUES (35, 23, 58, CAST(N'1999-05-10T13:12:44.4099844' AS DateTime2), 2, 1248.4654724823615, 1)
INSERT [dbo].[Fine] ([FineId], [TicketCollectorId], [PersonId], [WritingDate], [FineTypeId], [FineAmountWithInterests], [PaymentStatusId]) VALUES (36, 32, 37, CAST(N'2006-10-14T13:20:35.2296799' AS DateTime2), 4, 984.33955152721114, 3)
INSERT [dbo].[Fine] ([FineId], [TicketCollectorId], [PersonId], [WritingDate], [FineTypeId], [FineAmountWithInterests], [PaymentStatusId]) VALUES (37, 78, 61, CAST(N'2011-09-05T19:19:23.5265182' AS DateTime2), 2, 181.79777738721938, 3)
INSERT [dbo].[Fine] ([FineId], [TicketCollectorId], [PersonId], [WritingDate], [FineTypeId], [FineAmountWithInterests], [PaymentStatusId]) VALUES (38, 49, 17, CAST(N'2006-07-19T19:15:31.8044598' AS DateTime2), 4, 415.31384941903588, 3)
INSERT [dbo].[Fine] ([FineId], [TicketCollectorId], [PersonId], [WritingDate], [FineTypeId], [FineAmountWithInterests], [PaymentStatusId]) VALUES (39, 97, 14, CAST(N'2018-09-13T04:04:44.2250864' AS DateTime2), 4, 1294.44094435053, 3)
INSERT [dbo].[Fine] ([FineId], [TicketCollectorId], [PersonId], [WritingDate], [FineTypeId], [FineAmountWithInterests], [PaymentStatusId]) VALUES (40, 25, 82, CAST(N'2008-12-13T01:50:55.7515504' AS DateTime2), 7, 1035.7609712685276, 2)
INSERT [dbo].[Fine] ([FineId], [TicketCollectorId], [PersonId], [WritingDate], [FineTypeId], [FineAmountWithInterests], [PaymentStatusId]) VALUES (41, 76, 53, CAST(N'2000-06-26T15:23:24.9245317' AS DateTime2), 1, 1652.4040678760055, 1)
INSERT [dbo].[Fine] ([FineId], [TicketCollectorId], [PersonId], [WritingDate], [FineTypeId], [FineAmountWithInterests], [PaymentStatusId]) VALUES (42, 97, 24, CAST(N'2008-03-09T10:39:47.9588485' AS DateTime2), 6, 143.06104748652365, 1)
INSERT [dbo].[Fine] ([FineId], [TicketCollectorId], [PersonId], [WritingDate], [FineTypeId], [FineAmountWithInterests], [PaymentStatusId]) VALUES (43, 21, 78, CAST(N'2008-06-20T00:11:12.8481311' AS DateTime2), 7, 985.13764840789963, 2)
INSERT [dbo].[Fine] ([FineId], [TicketCollectorId], [PersonId], [WritingDate], [FineTypeId], [FineAmountWithInterests], [PaymentStatusId]) VALUES (44, 91, 2, CAST(N'2006-12-22T09:42:39.2395245' AS DateTime2), 2, 718.03696673272032, 1)
INSERT [dbo].[Fine] ([FineId], [TicketCollectorId], [PersonId], [WritingDate], [FineTypeId], [FineAmountWithInterests], [PaymentStatusId]) VALUES (45, 100, 53, CAST(N'1994-07-14T12:31:32.6293449' AS DateTime2), 5, 203.68415219880833, 3)
INSERT [dbo].[Fine] ([FineId], [TicketCollectorId], [PersonId], [WritingDate], [FineTypeId], [FineAmountWithInterests], [PaymentStatusId]) VALUES (46, 78, 66, CAST(N'1991-10-02T22:49:29.7080771' AS DateTime2), 3, 598.28834077263639, 2)
INSERT [dbo].[Fine] ([FineId], [TicketCollectorId], [PersonId], [WritingDate], [FineTypeId], [FineAmountWithInterests], [PaymentStatusId]) VALUES (47, 23, 57, CAST(N'1997-09-10T17:50:56.4588220' AS DateTime2), 2, 1169.705486469765, 3)
INSERT [dbo].[Fine] ([FineId], [TicketCollectorId], [PersonId], [WritingDate], [FineTypeId], [FineAmountWithInterests], [PaymentStatusId]) VALUES (48, 65, 66, CAST(N'2011-04-18T18:27:46.4859023' AS DateTime2), 5, 1406.08711233646, 3)
INSERT [dbo].[Fine] ([FineId], [TicketCollectorId], [PersonId], [WritingDate], [FineTypeId], [FineAmountWithInterests], [PaymentStatusId]) VALUES (49, 40, 50, CAST(N'2018-07-15T18:02:32.8944735' AS DateTime2), 5, 1577.4532377614887, 2)
INSERT [dbo].[Fine] ([FineId], [TicketCollectorId], [PersonId], [WritingDate], [FineTypeId], [FineAmountWithInterests], [PaymentStatusId]) VALUES (50, 72, 86, CAST(N'2004-11-08T04:17:10.9979421' AS DateTime2), 1, 495.81096810093663, 1)
INSERT [dbo].[Fine] ([FineId], [TicketCollectorId], [PersonId], [WritingDate], [FineTypeId], [FineAmountWithInterests], [PaymentStatusId]) VALUES (51, 40, 52, CAST(N'1992-09-22T17:01:06.8098586' AS DateTime2), 6, 1723.3118236639127, 3)
INSERT [dbo].[Fine] ([FineId], [TicketCollectorId], [PersonId], [WritingDate], [FineTypeId], [FineAmountWithInterests], [PaymentStatusId]) VALUES (52, 24, 69, CAST(N'2017-05-03T00:46:36.6299338' AS DateTime2), 5, 82.578670271941775, 1)
INSERT [dbo].[Fine] ([FineId], [TicketCollectorId], [PersonId], [WritingDate], [FineTypeId], [FineAmountWithInterests], [PaymentStatusId]) VALUES (53, 15, 88, CAST(N'2004-09-02T17:30:36.3534298' AS DateTime2), 3, 104.91013438669505, 1)
INSERT [dbo].[Fine] ([FineId], [TicketCollectorId], [PersonId], [WritingDate], [FineTypeId], [FineAmountWithInterests], [PaymentStatusId]) VALUES (54, 16, 37, CAST(N'2001-01-02T03:47:15.3190873' AS DateTime2), 6, 1944.0684290342351, 2)
INSERT [dbo].[Fine] ([FineId], [TicketCollectorId], [PersonId], [WritingDate], [FineTypeId], [FineAmountWithInterests], [PaymentStatusId]) VALUES (55, 54, 74, CAST(N'2011-05-18T21:44:37.0915709' AS DateTime2), 1, 673.52304080199588, 3)
INSERT [dbo].[Fine] ([FineId], [TicketCollectorId], [PersonId], [WritingDate], [FineTypeId], [FineAmountWithInterests], [PaymentStatusId]) VALUES (56, 12, 39, CAST(N'2012-05-29T13:43:22.5129504' AS DateTime2), 7, 437.2166387910101, 1)
INSERT [dbo].[Fine] ([FineId], [TicketCollectorId], [PersonId], [WritingDate], [FineTypeId], [FineAmountWithInterests], [PaymentStatusId]) VALUES (57, 55, 68, CAST(N'1998-07-16T13:24:38.9233492' AS DateTime2), 7, 91.252904427821235, 3)
INSERT [dbo].[Fine] ([FineId], [TicketCollectorId], [PersonId], [WritingDate], [FineTypeId], [FineAmountWithInterests], [PaymentStatusId]) VALUES (58, 22, 57, CAST(N'1999-03-12T03:07:43.0618267' AS DateTime2), 2, 1235.3906450957948, 1)
INSERT [dbo].[Fine] ([FineId], [TicketCollectorId], [PersonId], [WritingDate], [FineTypeId], [FineAmountWithInterests], [PaymentStatusId]) VALUES (59, 81, 92, CAST(N'2004-06-01T00:12:26.3950265' AS DateTime2), 2, 532.49315569759028, 1)
INSERT [dbo].[Fine] ([FineId], [TicketCollectorId], [PersonId], [WritingDate], [FineTypeId], [FineAmountWithInterests], [PaymentStatusId]) VALUES (60, 30, 11, CAST(N'1994-03-25T16:03:32.0275498' AS DateTime2), 6, 1058.4837519836069, 1)
INSERT [dbo].[Fine] ([FineId], [TicketCollectorId], [PersonId], [WritingDate], [FineTypeId], [FineAmountWithInterests], [PaymentStatusId]) VALUES (61, 53, 55, CAST(N'2007-09-29T20:24:27.7519738' AS DateTime2), 4, 1167.3096861538056, 3)
INSERT [dbo].[Fine] ([FineId], [TicketCollectorId], [PersonId], [WritingDate], [FineTypeId], [FineAmountWithInterests], [PaymentStatusId]) VALUES (62, 38, 21, CAST(N'1999-12-18T20:07:12.0580939' AS DateTime2), 7, 1373.3617539393538, 2)
INSERT [dbo].[Fine] ([FineId], [TicketCollectorId], [PersonId], [WritingDate], [FineTypeId], [FineAmountWithInterests], [PaymentStatusId]) VALUES (63, 66, 88, CAST(N'1990-02-18T03:09:51.2270941' AS DateTime2), 3, 1107.2035697788017, 1)
INSERT [dbo].[Fine] ([FineId], [TicketCollectorId], [PersonId], [WritingDate], [FineTypeId], [FineAmountWithInterests], [PaymentStatusId]) VALUES (64, 21, 53, CAST(N'1993-05-09T23:09:25.7326103' AS DateTime2), 2, 957.89341580024609, 3)
INSERT [dbo].[Fine] ([FineId], [TicketCollectorId], [PersonId], [WritingDate], [FineTypeId], [FineAmountWithInterests], [PaymentStatusId]) VALUES (65, 34, 34, CAST(N'1999-09-30T04:58:02.6357418' AS DateTime2), 3, 673.82572902079, 2)
INSERT [dbo].[Fine] ([FineId], [TicketCollectorId], [PersonId], [WritingDate], [FineTypeId], [FineAmountWithInterests], [PaymentStatusId]) VALUES (66, 5, 52, CAST(N'2015-09-07T21:58:47.3959513' AS DateTime2), 4, 1878.193388636314, 1)
INSERT [dbo].[Fine] ([FineId], [TicketCollectorId], [PersonId], [WritingDate], [FineTypeId], [FineAmountWithInterests], [PaymentStatusId]) VALUES (67, 26, 64, CAST(N'2005-04-12T03:43:40.9768984' AS DateTime2), 3, 1539.3922792465392, 2)
INSERT [dbo].[Fine] ([FineId], [TicketCollectorId], [PersonId], [WritingDate], [FineTypeId], [FineAmountWithInterests], [PaymentStatusId]) VALUES (68, 42, 8, CAST(N'2001-05-04T12:29:53.2830722' AS DateTime2), 3, 132.56130187425825, 3)
INSERT [dbo].[Fine] ([FineId], [TicketCollectorId], [PersonId], [WritingDate], [FineTypeId], [FineAmountWithInterests], [PaymentStatusId]) VALUES (69, 73, 90, CAST(N'2011-11-15T16:52:22.2737375' AS DateTime2), 2, 824.27674942849046, 2)
INSERT [dbo].[Fine] ([FineId], [TicketCollectorId], [PersonId], [WritingDate], [FineTypeId], [FineAmountWithInterests], [PaymentStatusId]) VALUES (70, 45, 11, CAST(N'2001-03-31T22:28:35.3474290' AS DateTime2), 3, 149.20561395082885, 3)
INSERT [dbo].[Fine] ([FineId], [TicketCollectorId], [PersonId], [WritingDate], [FineTypeId], [FineAmountWithInterests], [PaymentStatusId]) VALUES (71, 92, 72, CAST(N'2010-01-25T01:06:09.5718724' AS DateTime2), 3, 199.32760307534019, 3)
INSERT [dbo].[Fine] ([FineId], [TicketCollectorId], [PersonId], [WritingDate], [FineTypeId], [FineAmountWithInterests], [PaymentStatusId]) VALUES (72, 60, 34, CAST(N'1990-09-22T13:36:55.1914139' AS DateTime2), 6, 1094.5197702825626, 3)
INSERT [dbo].[Fine] ([FineId], [TicketCollectorId], [PersonId], [WritingDate], [FineTypeId], [FineAmountWithInterests], [PaymentStatusId]) VALUES (73, 18, 62, CAST(N'2015-01-08T13:38:13.2241027' AS DateTime2), 4, 1930.7337170144235, 1)
INSERT [dbo].[Fine] ([FineId], [TicketCollectorId], [PersonId], [WritingDate], [FineTypeId], [FineAmountWithInterests], [PaymentStatusId]) VALUES (74, 34, 80, CAST(N'1992-09-17T03:35:01.6244143' AS DateTime2), 6, 349.9101523076697, 2)
INSERT [dbo].[Fine] ([FineId], [TicketCollectorId], [PersonId], [WritingDate], [FineTypeId], [FineAmountWithInterests], [PaymentStatusId]) VALUES (75, 94, 56, CAST(N'2008-12-25T04:33:56.8865924' AS DateTime2), 6, 831.22499139570857, 3)
INSERT [dbo].[Fine] ([FineId], [TicketCollectorId], [PersonId], [WritingDate], [FineTypeId], [FineAmountWithInterests], [PaymentStatusId]) VALUES (76, 23, 9, CAST(N'2000-05-14T18:59:22.9459043' AS DateTime2), 6, 1294.9092673579742, 2)
INSERT [dbo].[Fine] ([FineId], [TicketCollectorId], [PersonId], [WritingDate], [FineTypeId], [FineAmountWithInterests], [PaymentStatusId]) VALUES (77, 79, 47, CAST(N'2013-12-31T17:49:52.6219121' AS DateTime2), 6, 962.55923200517861, 1)
INSERT [dbo].[Fine] ([FineId], [TicketCollectorId], [PersonId], [WritingDate], [FineTypeId], [FineAmountWithInterests], [PaymentStatusId]) VALUES (78, 50, 56, CAST(N'2014-03-10T02:13:28.4488608' AS DateTime2), 5, 1444.8623216919891, 1)
INSERT [dbo].[Fine] ([FineId], [TicketCollectorId], [PersonId], [WritingDate], [FineTypeId], [FineAmountWithInterests], [PaymentStatusId]) VALUES (79, 31, 14, CAST(N'1997-01-11T19:56:18.2678357' AS DateTime2), 6, 1196.4684786258583, 2)
INSERT [dbo].[Fine] ([FineId], [TicketCollectorId], [PersonId], [WritingDate], [FineTypeId], [FineAmountWithInterests], [PaymentStatusId]) VALUES (80, 46, 68, CAST(N'2011-12-13T23:12:14.9524932' AS DateTime2), 1, 644.45754822551157, 3)
INSERT [dbo].[Fine] ([FineId], [TicketCollectorId], [PersonId], [WritingDate], [FineTypeId], [FineAmountWithInterests], [PaymentStatusId]) VALUES (81, 43, 73, CAST(N'1996-12-26T04:00:39.4429900' AS DateTime2), 3, 1269.9146258039002, 3)
INSERT [dbo].[Fine] ([FineId], [TicketCollectorId], [PersonId], [WritingDate], [FineTypeId], [FineAmountWithInterests], [PaymentStatusId]) VALUES (82, 76, 60, CAST(N'2013-08-22T17:36:24.8090333' AS DateTime2), 2, 254.18320123766696, 1)
INSERT [dbo].[Fine] ([FineId], [TicketCollectorId], [PersonId], [WritingDate], [FineTypeId], [FineAmountWithInterests], [PaymentStatusId]) VALUES (83, 83, 35, CAST(N'2017-09-10T00:47:36.1763419' AS DateTime2), 3, 1822.2727607108061, 2)
INSERT [dbo].[Fine] ([FineId], [TicketCollectorId], [PersonId], [WritingDate], [FineTypeId], [FineAmountWithInterests], [PaymentStatusId]) VALUES (84, 48, 62, CAST(N'1999-10-04T19:20:22.5867089' AS DateTime2), 7, 96.813096709928047, 1)
INSERT [dbo].[Fine] ([FineId], [TicketCollectorId], [PersonId], [WritingDate], [FineTypeId], [FineAmountWithInterests], [PaymentStatusId]) VALUES (85, 25, 94, CAST(N'2000-12-12T01:26:17.0834485' AS DateTime2), 3, 1998.2710629693563, 3)
INSERT [dbo].[Fine] ([FineId], [TicketCollectorId], [PersonId], [WritingDate], [FineTypeId], [FineAmountWithInterests], [PaymentStatusId]) VALUES (86, 47, 39, CAST(N'2018-06-09T16:20:57.5776628' AS DateTime2), 2, 287.50737769878816, 2)
INSERT [dbo].[Fine] ([FineId], [TicketCollectorId], [PersonId], [WritingDate], [FineTypeId], [FineAmountWithInterests], [PaymentStatusId]) VALUES (87, 49, 3, CAST(N'2010-06-17T11:03:47.6437379' AS DateTime2), 1, 1264.4992225172459, 2)
INSERT [dbo].[Fine] ([FineId], [TicketCollectorId], [PersonId], [WritingDate], [FineTypeId], [FineAmountWithInterests], [PaymentStatusId]) VALUES (88, 65, 85, CAST(N'2014-02-19T01:57:11.8750786' AS DateTime2), 2, 871.04805599481233, 3)
INSERT [dbo].[Fine] ([FineId], [TicketCollectorId], [PersonId], [WritingDate], [FineTypeId], [FineAmountWithInterests], [PaymentStatusId]) VALUES (89, 17, 100, CAST(N'1993-05-14T12:31:13.1031985' AS DateTime2), 5, 932.8185165919449, 1)
INSERT [dbo].[Fine] ([FineId], [TicketCollectorId], [PersonId], [WritingDate], [FineTypeId], [FineAmountWithInterests], [PaymentStatusId]) VALUES (90, 12, 19, CAST(N'2005-12-10T23:29:21.8970341' AS DateTime2), 3, 811.24883369135148, 3)
INSERT [dbo].[Fine] ([FineId], [TicketCollectorId], [PersonId], [WritingDate], [FineTypeId], [FineAmountWithInterests], [PaymentStatusId]) VALUES (91, 78, 69, CAST(N'1998-03-31T23:55:56.3063307' AS DateTime2), 4, 893.08664709939, 3)
INSERT [dbo].[Fine] ([FineId], [TicketCollectorId], [PersonId], [WritingDate], [FineTypeId], [FineAmountWithInterests], [PaymentStatusId]) VALUES (92, 56, 4, CAST(N'2002-06-27T16:11:40.4646915' AS DateTime2), 7, 946.40713229142455, 3)
INSERT [dbo].[Fine] ([FineId], [TicketCollectorId], [PersonId], [WritingDate], [FineTypeId], [FineAmountWithInterests], [PaymentStatusId]) VALUES (93, 68, 25, CAST(N'1992-02-18T19:03:05.4094332' AS DateTime2), 3, 1882.8206937214457, 3)
INSERT [dbo].[Fine] ([FineId], [TicketCollectorId], [PersonId], [WritingDate], [FineTypeId], [FineAmountWithInterests], [PaymentStatusId]) VALUES (94, 67, 3, CAST(N'2014-06-21T12:01:12.1975364' AS DateTime2), 6, 235.95719236692284, 2)
INSERT [dbo].[Fine] ([FineId], [TicketCollectorId], [PersonId], [WritingDate], [FineTypeId], [FineAmountWithInterests], [PaymentStatusId]) VALUES (95, 72, 28, CAST(N'1991-03-17T05:26:27.9995765' AS DateTime2), 3, 1868.4512851147219, 3)
INSERT [dbo].[Fine] ([FineId], [TicketCollectorId], [PersonId], [WritingDate], [FineTypeId], [FineAmountWithInterests], [PaymentStatusId]) VALUES (96, 39, 33, CAST(N'1990-07-10T19:16:12.8664378' AS DateTime2), 2, 279.04231393665185, 3)
INSERT [dbo].[Fine] ([FineId], [TicketCollectorId], [PersonId], [WritingDate], [FineTypeId], [FineAmountWithInterests], [PaymentStatusId]) VALUES (97, 31, 37, CAST(N'2008-01-21T07:29:56.7317543' AS DateTime2), 4, 1035.8574777077222, 3)
INSERT [dbo].[Fine] ([FineId], [TicketCollectorId], [PersonId], [WritingDate], [FineTypeId], [FineAmountWithInterests], [PaymentStatusId]) VALUES (98, 100, 26, CAST(N'2005-02-11T01:01:47.1155208' AS DateTime2), 6, 27.244232607653473, 3)
INSERT [dbo].[Fine] ([FineId], [TicketCollectorId], [PersonId], [WritingDate], [FineTypeId], [FineAmountWithInterests], [PaymentStatusId]) VALUES (99, 57, 69, CAST(N'1997-03-25T04:44:36.6037826' AS DateTime2), 7, 44.211237711930295, 3)
GO
INSERT [dbo].[Fine] ([FineId], [TicketCollectorId], [PersonId], [WritingDate], [FineTypeId], [FineAmountWithInterests], [PaymentStatusId]) VALUES (100, 95, 1, CAST(N'1997-11-05T14:32:45.2333935' AS DateTime2), 1, 325.49076356249429, 2)
INSERT [dbo].[Fine] ([FineId], [TicketCollectorId], [PersonId], [WritingDate], [FineTypeId], [FineAmountWithInterests], [PaymentStatusId]) VALUES (101, 53, 3, CAST(N'2005-06-21T19:05:48.7311788' AS DateTime2), 1, 1058.8960615260974, 1)
INSERT [dbo].[Fine] ([FineId], [TicketCollectorId], [PersonId], [WritingDate], [FineTypeId], [FineAmountWithInterests], [PaymentStatusId]) VALUES (102, 81, 49, CAST(N'2015-05-09T05:21:03.1757498' AS DateTime2), 6, 1037.1441845955067, 1)
INSERT [dbo].[Fine] ([FineId], [TicketCollectorId], [PersonId], [WritingDate], [FineTypeId], [FineAmountWithInterests], [PaymentStatusId]) VALUES (103, 92, 76, CAST(N'2018-06-03T01:35:24.2121649' AS DateTime2), 4, 581.81036290796965, 1)
INSERT [dbo].[Fine] ([FineId], [TicketCollectorId], [PersonId], [WritingDate], [FineTypeId], [FineAmountWithInterests], [PaymentStatusId]) VALUES (104, 95, 40, CAST(N'2007-04-16T19:33:57.5470445' AS DateTime2), 2, 1428.24762381066, 3)
INSERT [dbo].[Fine] ([FineId], [TicketCollectorId], [PersonId], [WritingDate], [FineTypeId], [FineAmountWithInterests], [PaymentStatusId]) VALUES (105, 81, 15, CAST(N'2013-10-14T03:11:01.4260697' AS DateTime2), 6, 296.48336502559641, 2)
INSERT [dbo].[Fine] ([FineId], [TicketCollectorId], [PersonId], [WritingDate], [FineTypeId], [FineAmountWithInterests], [PaymentStatusId]) VALUES (106, 81, 19, CAST(N'1992-01-02T03:24:11.6184446' AS DateTime2), 7, 628.79205338134989, 3)
INSERT [dbo].[Fine] ([FineId], [TicketCollectorId], [PersonId], [WritingDate], [FineTypeId], [FineAmountWithInterests], [PaymentStatusId]) VALUES (107, 7, 8, CAST(N'1992-04-25T11:08:23.4058310' AS DateTime2), 1, 151.84495325751834, 1)
INSERT [dbo].[Fine] ([FineId], [TicketCollectorId], [PersonId], [WritingDate], [FineTypeId], [FineAmountWithInterests], [PaymentStatusId]) VALUES (108, 81, 8, CAST(N'2001-12-17T13:55:34.7290153' AS DateTime2), 5, 1754.9999820790254, 3)
INSERT [dbo].[Fine] ([FineId], [TicketCollectorId], [PersonId], [WritingDate], [FineTypeId], [FineAmountWithInterests], [PaymentStatusId]) VALUES (109, 22, 81, CAST(N'2011-01-07T23:13:18.4324948' AS DateTime2), 7, 1112.8434376385267, 2)
INSERT [dbo].[Fine] ([FineId], [TicketCollectorId], [PersonId], [WritingDate], [FineTypeId], [FineAmountWithInterests], [PaymentStatusId]) VALUES (110, 31, 66, CAST(N'2001-01-04T02:45:14.1456665' AS DateTime2), 3, 1378.6137734440219, 1)
INSERT [dbo].[Fine] ([FineId], [TicketCollectorId], [PersonId], [WritingDate], [FineTypeId], [FineAmountWithInterests], [PaymentStatusId]) VALUES (111, 33, 93, CAST(N'2017-05-28T19:53:29.8910383' AS DateTime2), 1, 1474.6574067858317, 3)
INSERT [dbo].[Fine] ([FineId], [TicketCollectorId], [PersonId], [WritingDate], [FineTypeId], [FineAmountWithInterests], [PaymentStatusId]) VALUES (112, 5, 12, CAST(N'2003-05-08T11:11:10.4744884' AS DateTime2), 2, 646.39058273583214, 3)
INSERT [dbo].[Fine] ([FineId], [TicketCollectorId], [PersonId], [WritingDate], [FineTypeId], [FineAmountWithInterests], [PaymentStatusId]) VALUES (113, 91, 44, CAST(N'1992-02-29T07:11:24.7939909' AS DateTime2), 4, 38.922166469936336, 3)
INSERT [dbo].[Fine] ([FineId], [TicketCollectorId], [PersonId], [WritingDate], [FineTypeId], [FineAmountWithInterests], [PaymentStatusId]) VALUES (114, 36, 25, CAST(N'2011-06-19T01:00:11.4425333' AS DateTime2), 1, 1888.0356074720787, 1)
INSERT [dbo].[Fine] ([FineId], [TicketCollectorId], [PersonId], [WritingDate], [FineTypeId], [FineAmountWithInterests], [PaymentStatusId]) VALUES (115, 88, 38, CAST(N'2016-03-29T12:02:52.5845598' AS DateTime2), 3, 1788.5691261797067, 2)
INSERT [dbo].[Fine] ([FineId], [TicketCollectorId], [PersonId], [WritingDate], [FineTypeId], [FineAmountWithInterests], [PaymentStatusId]) VALUES (116, 78, 95, CAST(N'2013-02-06T02:48:02.9429405' AS DateTime2), 3, 913.12648491613868, 2)
INSERT [dbo].[Fine] ([FineId], [TicketCollectorId], [PersonId], [WritingDate], [FineTypeId], [FineAmountWithInterests], [PaymentStatusId]) VALUES (117, 55, 86, CAST(N'2001-04-08T19:19:35.8817520' AS DateTime2), 4, 1551.0889932285477, 3)
INSERT [dbo].[Fine] ([FineId], [TicketCollectorId], [PersonId], [WritingDate], [FineTypeId], [FineAmountWithInterests], [PaymentStatusId]) VALUES (118, 18, 27, CAST(N'2009-05-16T07:49:28.6403853' AS DateTime2), 3, 1010.3904730688736, 1)
INSERT [dbo].[Fine] ([FineId], [TicketCollectorId], [PersonId], [WritingDate], [FineTypeId], [FineAmountWithInterests], [PaymentStatusId]) VALUES (119, 97, 60, CAST(N'2011-05-28T21:43:08.6491618' AS DateTime2), 6, 959.62235283088978, 3)
INSERT [dbo].[Fine] ([FineId], [TicketCollectorId], [PersonId], [WritingDate], [FineTypeId], [FineAmountWithInterests], [PaymentStatusId]) VALUES (120, 87, 95, CAST(N'2000-04-21T12:37:05.0580790' AS DateTime2), 1, 386.31835132200194, 3)
INSERT [dbo].[Fine] ([FineId], [TicketCollectorId], [PersonId], [WritingDate], [FineTypeId], [FineAmountWithInterests], [PaymentStatusId]) VALUES (121, 57, 50, CAST(N'1995-03-24T10:54:59.7522135' AS DateTime2), 3, 613.694166119068, 3)
INSERT [dbo].[Fine] ([FineId], [TicketCollectorId], [PersonId], [WritingDate], [FineTypeId], [FineAmountWithInterests], [PaymentStatusId]) VALUES (122, 62, 80, CAST(N'2010-02-21T01:46:29.1018196' AS DateTime2), 2, 668.34422325172659, 2)
INSERT [dbo].[Fine] ([FineId], [TicketCollectorId], [PersonId], [WritingDate], [FineTypeId], [FineAmountWithInterests], [PaymentStatusId]) VALUES (123, 25, 9, CAST(N'1997-12-21T23:58:40.1798737' AS DateTime2), 6, 1199.7427852823132, 2)
INSERT [dbo].[Fine] ([FineId], [TicketCollectorId], [PersonId], [WritingDate], [FineTypeId], [FineAmountWithInterests], [PaymentStatusId]) VALUES (124, 62, 71, CAST(N'1995-12-06T17:23:00.3767034' AS DateTime2), 7, 13.02791573713902, 3)
INSERT [dbo].[Fine] ([FineId], [TicketCollectorId], [PersonId], [WritingDate], [FineTypeId], [FineAmountWithInterests], [PaymentStatusId]) VALUES (125, 68, 42, CAST(N'1992-12-31T22:32:39.0410983' AS DateTime2), 7, 1256.1189668514387, 3)
INSERT [dbo].[Fine] ([FineId], [TicketCollectorId], [PersonId], [WritingDate], [FineTypeId], [FineAmountWithInterests], [PaymentStatusId]) VALUES (126, 36, 68, CAST(N'1997-07-31T08:54:29.1071808' AS DateTime2), 3, 1252.9204707839156, 3)
INSERT [dbo].[Fine] ([FineId], [TicketCollectorId], [PersonId], [WritingDate], [FineTypeId], [FineAmountWithInterests], [PaymentStatusId]) VALUES (127, 92, 9, CAST(N'2017-08-03T18:33:49.7819806' AS DateTime2), 4, 1211.6990765611172, 3)
INSERT [dbo].[Fine] ([FineId], [TicketCollectorId], [PersonId], [WritingDate], [FineTypeId], [FineAmountWithInterests], [PaymentStatusId]) VALUES (128, 51, 59, CAST(N'1990-07-21T01:37:01.0265663' AS DateTime2), 6, 1694.7765246475005, 2)
INSERT [dbo].[Fine] ([FineId], [TicketCollectorId], [PersonId], [WritingDate], [FineTypeId], [FineAmountWithInterests], [PaymentStatusId]) VALUES (129, 62, 53, CAST(N'1991-07-04T22:08:33.6248378' AS DateTime2), 3, 481.45886719294771, 2)
INSERT [dbo].[Fine] ([FineId], [TicketCollectorId], [PersonId], [WritingDate], [FineTypeId], [FineAmountWithInterests], [PaymentStatusId]) VALUES (130, 56, 24, CAST(N'2008-06-17T09:17:44.0201546' AS DateTime2), 5, 552.18267745905678, 1)
INSERT [dbo].[Fine] ([FineId], [TicketCollectorId], [PersonId], [WritingDate], [FineTypeId], [FineAmountWithInterests], [PaymentStatusId]) VALUES (131, 92, 73, CAST(N'2011-04-24T11:29:26.2141501' AS DateTime2), 3, 259.051789650252, 3)
INSERT [dbo].[Fine] ([FineId], [TicketCollectorId], [PersonId], [WritingDate], [FineTypeId], [FineAmountWithInterests], [PaymentStatusId]) VALUES (132, 80, 21, CAST(N'1998-11-20T16:48:05.5063914' AS DateTime2), 1, 935.31499939752507, 2)
INSERT [dbo].[Fine] ([FineId], [TicketCollectorId], [PersonId], [WritingDate], [FineTypeId], [FineAmountWithInterests], [PaymentStatusId]) VALUES (133, 94, 88, CAST(N'2006-12-16T21:28:51.8450781' AS DateTime2), 6, 1400.6510839800587, 1)
INSERT [dbo].[Fine] ([FineId], [TicketCollectorId], [PersonId], [WritingDate], [FineTypeId], [FineAmountWithInterests], [PaymentStatusId]) VALUES (134, 37, 14, CAST(N'2018-03-08T05:23:33.0344421' AS DateTime2), 5, 870.977715063364, 3)
INSERT [dbo].[Fine] ([FineId], [TicketCollectorId], [PersonId], [WritingDate], [FineTypeId], [FineAmountWithInterests], [PaymentStatusId]) VALUES (135, 94, 65, CAST(N'1996-06-24T04:06:26.2213144' AS DateTime2), 1, 1585.561486699414, 3)
INSERT [dbo].[Fine] ([FineId], [TicketCollectorId], [PersonId], [WritingDate], [FineTypeId], [FineAmountWithInterests], [PaymentStatusId]) VALUES (136, 62, 25, CAST(N'2000-08-18T22:39:36.2672401' AS DateTime2), 4, 232.77044120839352, 2)
INSERT [dbo].[Fine] ([FineId], [TicketCollectorId], [PersonId], [WritingDate], [FineTypeId], [FineAmountWithInterests], [PaymentStatusId]) VALUES (137, 84, 84, CAST(N'2014-03-21T16:01:00.5968684' AS DateTime2), 6, 1672.3728383296975, 3)
INSERT [dbo].[Fine] ([FineId], [TicketCollectorId], [PersonId], [WritingDate], [FineTypeId], [FineAmountWithInterests], [PaymentStatusId]) VALUES (138, 88, 96, CAST(N'2000-05-27T05:13:38.6292974' AS DateTime2), 1, 394.02513690014609, 3)
INSERT [dbo].[Fine] ([FineId], [TicketCollectorId], [PersonId], [WritingDate], [FineTypeId], [FineAmountWithInterests], [PaymentStatusId]) VALUES (139, 67, 48, CAST(N'2004-12-20T16:09:21.1606392' AS DateTime2), 1, 1800.3297316843316, 2)
INSERT [dbo].[Fine] ([FineId], [TicketCollectorId], [PersonId], [WritingDate], [FineTypeId], [FineAmountWithInterests], [PaymentStatusId]) VALUES (140, 44, 75, CAST(N'1998-12-11T22:02:05.4650038' AS DateTime2), 3, 1369.4790095880064, 3)
INSERT [dbo].[Fine] ([FineId], [TicketCollectorId], [PersonId], [WritingDate], [FineTypeId], [FineAmountWithInterests], [PaymentStatusId]) VALUES (141, 41, 32, CAST(N'2016-02-15T05:12:34.1718317' AS DateTime2), 2, 135.66242444126979, 2)
INSERT [dbo].[Fine] ([FineId], [TicketCollectorId], [PersonId], [WritingDate], [FineTypeId], [FineAmountWithInterests], [PaymentStatusId]) VALUES (142, 68, 95, CAST(N'1998-07-01T21:08:12.9147225' AS DateTime2), 4, 1509.4992404382206, 2)
INSERT [dbo].[Fine] ([FineId], [TicketCollectorId], [PersonId], [WritingDate], [FineTypeId], [FineAmountWithInterests], [PaymentStatusId]) VALUES (143, 43, 4, CAST(N'1993-02-12T02:43:53.4425837' AS DateTime2), 2, 1758.2046183562859, 1)
INSERT [dbo].[Fine] ([FineId], [TicketCollectorId], [PersonId], [WritingDate], [FineTypeId], [FineAmountWithInterests], [PaymentStatusId]) VALUES (144, 86, 34, CAST(N'2011-05-10T09:45:58.9575321' AS DateTime2), 3, 1554.2047431479232, 1)
INSERT [dbo].[Fine] ([FineId], [TicketCollectorId], [PersonId], [WritingDate], [FineTypeId], [FineAmountWithInterests], [PaymentStatusId]) VALUES (145, 80, 27, CAST(N'2007-07-15T03:35:52.0059958' AS DateTime2), 2, 1336.59142690552, 3)
INSERT [dbo].[Fine] ([FineId], [TicketCollectorId], [PersonId], [WritingDate], [FineTypeId], [FineAmountWithInterests], [PaymentStatusId]) VALUES (146, 73, 58, CAST(N'2013-11-23T12:44:45.8318423' AS DateTime2), 2, 246.69606436355787, 1)
INSERT [dbo].[Fine] ([FineId], [TicketCollectorId], [PersonId], [WritingDate], [FineTypeId], [FineAmountWithInterests], [PaymentStatusId]) VALUES (147, 65, 61, CAST(N'2000-04-29T09:00:15.6707005' AS DateTime2), 4, 907.48496582148834, 1)
INSERT [dbo].[Fine] ([FineId], [TicketCollectorId], [PersonId], [WritingDate], [FineTypeId], [FineAmountWithInterests], [PaymentStatusId]) VALUES (148, 33, 100, CAST(N'1999-09-01T18:02:53.9668999' AS DateTime2), 3, 1994.7850862493669, 3)
INSERT [dbo].[Fine] ([FineId], [TicketCollectorId], [PersonId], [WritingDate], [FineTypeId], [FineAmountWithInterests], [PaymentStatusId]) VALUES (149, 80, 66, CAST(N'2017-03-23T23:58:19.6129765' AS DateTime2), 3, 447.388066187216, 1)
INSERT [dbo].[Fine] ([FineId], [TicketCollectorId], [PersonId], [WritingDate], [FineTypeId], [FineAmountWithInterests], [PaymentStatusId]) VALUES (150, 95, 33, CAST(N'1997-02-07T02:38:25.0566360' AS DateTime2), 1, 955.32480019858338, 1)
INSERT [dbo].[Fine] ([FineId], [TicketCollectorId], [PersonId], [WritingDate], [FineTypeId], [FineAmountWithInterests], [PaymentStatusId]) VALUES (151, 84, 47, CAST(N'2008-04-01T23:56:36.9846859' AS DateTime2), 6, 727.95332070810412, 3)
INSERT [dbo].[Fine] ([FineId], [TicketCollectorId], [PersonId], [WritingDate], [FineTypeId], [FineAmountWithInterests], [PaymentStatusId]) VALUES (152, 13, 10, CAST(N'2017-09-05T23:40:28.0913690' AS DateTime2), 1, 25.467004638848366, 3)
INSERT [dbo].[Fine] ([FineId], [TicketCollectorId], [PersonId], [WritingDate], [FineTypeId], [FineAmountWithInterests], [PaymentStatusId]) VALUES (153, 4, 66, CAST(N'2012-09-15T03:18:38.4663589' AS DateTime2), 7, 1067.6218797767635, 3)
INSERT [dbo].[Fine] ([FineId], [TicketCollectorId], [PersonId], [WritingDate], [FineTypeId], [FineAmountWithInterests], [PaymentStatusId]) VALUES (154, 70, 74, CAST(N'2015-12-03T16:07:31.5457037' AS DateTime2), 6, 1657.8928863899282, 1)
INSERT [dbo].[Fine] ([FineId], [TicketCollectorId], [PersonId], [WritingDate], [FineTypeId], [FineAmountWithInterests], [PaymentStatusId]) VALUES (155, 39, 51, CAST(N'1992-08-15T03:37:45.4811800' AS DateTime2), 6, 1711.7965974434264, 3)
INSERT [dbo].[Fine] ([FineId], [TicketCollectorId], [PersonId], [WritingDate], [FineTypeId], [FineAmountWithInterests], [PaymentStatusId]) VALUES (156, 91, 23, CAST(N'2014-04-30T17:19:19.6293591' AS DateTime2), 7, 390.55183827437077, 2)
INSERT [dbo].[Fine] ([FineId], [TicketCollectorId], [PersonId], [WritingDate], [FineTypeId], [FineAmountWithInterests], [PaymentStatusId]) VALUES (157, 56, 40, CAST(N'2007-05-19T05:22:22.9958761' AS DateTime2), 1, 1837.4013993131935, 3)
INSERT [dbo].[Fine] ([FineId], [TicketCollectorId], [PersonId], [WritingDate], [FineTypeId], [FineAmountWithInterests], [PaymentStatusId]) VALUES (158, 31, 5, CAST(N'2012-06-28T08:12:23.8354615' AS DateTime2), 4, 568.78244717083044, 2)
GO
INSERT [dbo].[Fine] ([FineId], [TicketCollectorId], [PersonId], [WritingDate], [FineTypeId], [FineAmountWithInterests], [PaymentStatusId]) VALUES (10000, 72, 45, CAST(N'1992-03-22T15:15:16.0236227' AS DateTime2), 7, 1246.9649907420226, 3)
SET IDENTITY_INSERT [dbo].[Fine] OFF
SET IDENTITY_INSERT [dbo].[Passenger] ON 

INSERT [dbo].[Passenger] ([PersonId], [Name], [Surname], [PESEL], [DocumentTypeId], [DocumentSeries], [FathersName], [City], [Street], [BuildingNumber], [FlatNumber], [Nationality], [BirthCountry], [BirthCity], [BirthDate]) VALUES (1, N'Joyce', N'Greer', N'445441249', 5, N'HN37980', NULL, N'Oakland', N'79 New Avene', 63, 147, N'El Salvador', N'Switzerland', N'Glendale', CAST(N'1991-08-09' AS Date))
INSERT [dbo].[Passenger] ([PersonId], [Name], [Surname], [PESEL], [DocumentTypeId], [DocumentSeries], [FathersName], [City], [Street], [BuildingNumber], [FlatNumber], [Nationality], [BirthCountry], [BirthCity], [BirthDate]) VALUES (2, N'Armando', N'Rose', N'534798104', 6, N'OR28021', N'Wiggins', N'Newark', N'80 Rocky Old Way', 67, 104, N'Slovakia', N'Falklands', N'Montgomery', CAST(N'1985-05-24' AS Date))
INSERT [dbo].[Passenger] ([PersonId], [Name], [Surname], [PESEL], [DocumentTypeId], [DocumentSeries], [FathersName], [City], [Street], [BuildingNumber], [FlatNumber], [Nationality], [BirthCountry], [BirthCity], [BirthDate]) VALUES (3, N'Rick', N'Hendricks', N'984119446', 2, N'MH00450', N'Haynes', N'Cleveland', N'20 South White Second St.', 193, NULL, N'Argentina', N'Malaysia', N'Spokane', CAST(N'1959-05-25' AS Date))
INSERT [dbo].[Passenger] ([PersonId], [Name], [Surname], [PESEL], [DocumentTypeId], [DocumentSeries], [FathersName], [City], [Street], [BuildingNumber], [FlatNumber], [Nationality], [BirthCountry], [BirthCity], [BirthDate]) VALUES (4, N'Chadwick', N'Acosta', N'610018502', 6, N'AC03457', N'Mckenzie', N'St. Paul', N'276 White First Boevrd', 262, 69, N'Gabon', N'Guinea-Bissau', NULL, CAST(N'1997-03-03' AS Date))
INSERT [dbo].[Passenger] ([PersonId], [Name], [Surname], [PESEL], [DocumentTypeId], [DocumentSeries], [FathersName], [City], [Street], [BuildingNumber], [FlatNumber], [Nationality], [BirthCountry], [BirthCity], [BirthDate]) VALUES (5, N'Joan', N'Baker', N'418806766', 7, N'KG51536', N'Munoz', N'Lincoln', N'63 West White New Avene', 60, 18, N'Belize', N'Guernsey', N'Mobile', CAST(N'1974-05-25' AS Date))
INSERT [dbo].[Passenger] ([PersonId], [Name], [Surname], [PESEL], [DocumentTypeId], [DocumentSeries], [FathersName], [City], [Street], [BuildingNumber], [FlatNumber], [Nationality], [BirthCountry], [BirthCity], [BirthDate]) VALUES (6, N'Clifford', N'Underwood', NULL, 2, N'CY30044', N'Tapia', N'Corpus Christi', N'19 East Rocky Old Blvd.', 196, 130, N'India', N'Samoa', N'Denver', CAST(N'1954-01-06' AS Date))
INSERT [dbo].[Passenger] ([PersonId], [Name], [Surname], [PESEL], [DocumentTypeId], [DocumentSeries], [FathersName], [City], [Street], [BuildingNumber], [FlatNumber], [Nationality], [BirthCountry], [BirthCity], [BirthDate]) VALUES (7, N'Joe', N'Ibarra', N'197015943', 4, N'TF98647', N'Young', N'Albuquerque', N'543 White Oak Street', 240, 106, N'Panama', N'Ukraine', N'Wichita', CAST(N'1954-11-04' AS Date))
INSERT [dbo].[Passenger] ([PersonId], [Name], [Surname], [PESEL], [DocumentTypeId], [DocumentSeries], [FathersName], [City], [Street], [BuildingNumber], [FlatNumber], [Nationality], [BirthCountry], [BirthCity], [BirthDate]) VALUES (8, N'Ted', N'Peck', NULL, 6, N'LN96048', N'Waters', N'Long Beach', N'46 North Hague Drive', 92, 50, N'Georgia', N'Somalia', N'Grand Rapids', CAST(N'1991-04-18' AS Date))
INSERT [dbo].[Passenger] ([PersonId], [Name], [Surname], [PESEL], [DocumentTypeId], [DocumentSeries], [FathersName], [City], [Street], [BuildingNumber], [FlatNumber], [Nationality], [BirthCountry], [BirthCity], [BirthDate]) VALUES (9, N'Don', N'Lyons', N'688433245', 5, N'UZ56384', N'Mayer', N'Boston', N'13 Second Road', 62, NULL, N'Kazakhstan', N'Bahamas', N'Madison', CAST(N'1991-10-11' AS Date))
INSERT [dbo].[Passenger] ([PersonId], [Name], [Surname], [PESEL], [DocumentTypeId], [DocumentSeries], [FathersName], [City], [Street], [BuildingNumber], [FlatNumber], [Nationality], [BirthCountry], [BirthCity], [BirthDate]) VALUES (10, N'Jasmine', N'Callahan', N'218908960', 3, N'NQ25988', N'Vaughan', N'Jacksonville', N'72 Nobel Blvd.', 60, 162, N'Ukraine', N'Saudi Arabia', N'Long Beach', CAST(N'1955-01-08' AS Date))
INSERT [dbo].[Passenger] ([PersonId], [Name], [Surname], [PESEL], [DocumentTypeId], [DocumentSeries], [FathersName], [City], [Street], [BuildingNumber], [FlatNumber], [Nationality], [BirthCountry], [BirthCity], [BirthDate]) VALUES (11, N'Neil', N'Lynch', N'177036309', 5, N'DM90359', N'Russell', N'Oklahoma', N'413 West White New Street', 119, 67, N'Switzerland', N'Malvinas', N'Wichita', CAST(N'1956-09-09' AS Date))
INSERT [dbo].[Passenger] ([PersonId], [Name], [Surname], [PESEL], [DocumentTypeId], [DocumentSeries], [FathersName], [City], [Street], [BuildingNumber], [FlatNumber], [Nationality], [BirthCountry], [BirthCity], [BirthDate]) VALUES (12, N'Keri', N'Gaines', N'917786244', 3, N'GF89206', N'Kelley', N'Cincinnati', N'134 Oak Avene', 61, 114, N'Saint Lucia', N'Niue', N'Chicago', CAST(N'1958-01-09' AS Date))
INSERT [dbo].[Passenger] ([PersonId], [Name], [Surname], [PESEL], [DocumentTypeId], [DocumentSeries], [FathersName], [City], [Street], [BuildingNumber], [FlatNumber], [Nationality], [BirthCountry], [BirthCity], [BirthDate]) VALUES (13, N'Everett', N'Lam', N'331530189', 1, N'KE20359', N'Frye', N'Los Angeles', N'223 First Parway', 156, NULL, N'Timor-Leste', N'Greenland', N'Cleveland', CAST(N'1997-12-12' AS Date))
INSERT [dbo].[Passenger] ([PersonId], [Name], [Surname], [PESEL], [DocumentTypeId], [DocumentSeries], [FathersName], [City], [Street], [BuildingNumber], [FlatNumber], [Nationality], [BirthCountry], [BirthCity], [BirthDate]) VALUES (14, N'Kimberly', N'Huerta', N'633839171', 7, N'YE30852', N'Osborne', N'Richmond', N'95 White New Parway', 181, 27, N'Netherlands', N'Ecuador', N'Akron', CAST(N'1962-06-21' AS Date))
INSERT [dbo].[Passenger] ([PersonId], [Name], [Surname], [PESEL], [DocumentTypeId], [DocumentSeries], [FathersName], [City], [Street], [BuildingNumber], [FlatNumber], [Nationality], [BirthCountry], [BirthCity], [BirthDate]) VALUES (15, N'Natalie', N'Wilson', N'025911300', 3, N'NW80716', N'Nelson', N'Buffalo', N'320 Clandon Avene', 273, NULL, N'Georgia', N'Slovakia', N'Fort Worth', CAST(N'1972-03-21' AS Date))
INSERT [dbo].[Passenger] ([PersonId], [Name], [Surname], [PESEL], [DocumentTypeId], [DocumentSeries], [FathersName], [City], [Street], [BuildingNumber], [FlatNumber], [Nationality], [BirthCountry], [BirthCity], [BirthDate]) VALUES (16, N'Jocelyn', N'Horton', N'551318617', 5, N'VR81943', N'Crosby', N'Anchorage', N'99 White First Parway', 213, 197, N'Vanuatu', N'Bangladesh', N'Seattle', CAST(N'1992-01-06' AS Date))
INSERT [dbo].[Passenger] ([PersonId], [Name], [Surname], [PESEL], [DocumentTypeId], [DocumentSeries], [FathersName], [City], [Street], [BuildingNumber], [FlatNumber], [Nationality], [BirthCountry], [BirthCity], [BirthDate]) VALUES (17, N'Ricardo', N'Navarro', N'441595783', 2, N'ZX03116', N'Meza', N'Anchorage', N'959 Green Clandon Drive', 100, 42, N'China', N'Falklands', N'Tucson', CAST(N'1973-05-18' AS Date))
INSERT [dbo].[Passenger] ([PersonId], [Name], [Surname], [PESEL], [DocumentTypeId], [DocumentSeries], [FathersName], [City], [Street], [BuildingNumber], [FlatNumber], [Nationality], [BirthCountry], [BirthCity], [BirthDate]) VALUES (18, N'Marvin', N'Lamb', N'543771714', 6, N'GX42685', NULL, N'Lincoln', N'18 Clandon St.', 256, 25, N'Belarus', N'Cook Islands', N'Baltimore', CAST(N'1997-09-16' AS Date))
SET IDENTITY_INSERT [dbo].[Passenger] OFF
SET IDENTITY_INSERT [dbo].[Payroll] ON 

INSERT [dbo].[Payroll] ([PayrollId], [TicketCollectorId], [ContractTypeId], [TotalGrossSalary], [Bonus], [Year], [Month]) VALUES (1, 7, 4, 17, 1267.1063501700323, 1994, 1)
INSERT [dbo].[Payroll] ([PayrollId], [TicketCollectorId], [ContractTypeId], [TotalGrossSalary], [Bonus], [Year], [Month]) VALUES (2, 42, 5, 17, 588.64378211490987, 2007, 2)
INSERT [dbo].[Payroll] ([PayrollId], [TicketCollectorId], [ContractTypeId], [TotalGrossSalary], [Bonus], [Year], [Month]) VALUES (3, 29, 6, 17, 764.97179305412419, 1992, 3)
INSERT [dbo].[Payroll] ([PayrollId], [TicketCollectorId], [ContractTypeId], [TotalGrossSalary], [Bonus], [Year], [Month]) VALUES (4, 60, 5, 17, 479.4750225169002, 2003, 4)
INSERT [dbo].[Payroll] ([PayrollId], [TicketCollectorId], [ContractTypeId], [TotalGrossSalary], [Bonus], [Year], [Month]) VALUES (5, 27, 5, 17, 1237.927424366552, 1992, 5)
INSERT [dbo].[Payroll] ([PayrollId], [TicketCollectorId], [ContractTypeId], [TotalGrossSalary], [Bonus], [Year], [Month]) VALUES (6, 79, 4, 17, 822.49247227911485, 1998, 6)
INSERT [dbo].[Payroll] ([PayrollId], [TicketCollectorId], [ContractTypeId], [TotalGrossSalary], [Bonus], [Year], [Month]) VALUES (7, 41, 6, 17, 1497.0910183606161, 1995, 7)
INSERT [dbo].[Payroll] ([PayrollId], [TicketCollectorId], [ContractTypeId], [TotalGrossSalary], [Bonus], [Year], [Month]) VALUES (8, 57, 1, 17, 146.11579391458807, 2007, 8)
INSERT [dbo].[Payroll] ([PayrollId], [TicketCollectorId], [ContractTypeId], [TotalGrossSalary], [Bonus], [Year], [Month]) VALUES (9, 54, 4, 17, 1803.8453496079171, 1990, 9)
INSERT [dbo].[Payroll] ([PayrollId], [TicketCollectorId], [ContractTypeId], [TotalGrossSalary], [Bonus], [Year], [Month]) VALUES (10, 65, 1, 17, 1508.657553004407, 1993, 10)
INSERT [dbo].[Payroll] ([PayrollId], [TicketCollectorId], [ContractTypeId], [TotalGrossSalary], [Bonus], [Year], [Month]) VALUES (11, 9, 5, 17, 598.26291380369241, 1991, 11)
INSERT [dbo].[Payroll] ([PayrollId], [TicketCollectorId], [ContractTypeId], [TotalGrossSalary], [Bonus], [Year], [Month]) VALUES (12, 51, 2, 17, 1696.2636018620169, 2008, 12)
INSERT [dbo].[Payroll] ([PayrollId], [TicketCollectorId], [ContractTypeId], [TotalGrossSalary], [Bonus], [Year], [Month]) VALUES (13, 7, 5, 17, 263.76927283768043, 2014, 1)
INSERT [dbo].[Payroll] ([PayrollId], [TicketCollectorId], [ContractTypeId], [TotalGrossSalary], [Bonus], [Year], [Month]) VALUES (14, 70, 2, 17, 515.02312650672309, 2013, 2)
INSERT [dbo].[Payroll] ([PayrollId], [TicketCollectorId], [ContractTypeId], [TotalGrossSalary], [Bonus], [Year], [Month]) VALUES (15, 54, 2, 17, 1275.982434524215, 2000, 3)
INSERT [dbo].[Payroll] ([PayrollId], [TicketCollectorId], [ContractTypeId], [TotalGrossSalary], [Bonus], [Year], [Month]) VALUES (16, 21, 5, 17, 150.87919689290189, 2010, 4)
INSERT [dbo].[Payroll] ([PayrollId], [TicketCollectorId], [ContractTypeId], [TotalGrossSalary], [Bonus], [Year], [Month]) VALUES (17, 53, 6, 17, 1564.4911320714705, 1996, 5)
INSERT [dbo].[Payroll] ([PayrollId], [TicketCollectorId], [ContractTypeId], [TotalGrossSalary], [Bonus], [Year], [Month]) VALUES (18, 2, 4, 17, 1743.7978143542064, 2004, 6)
INSERT [dbo].[Payroll] ([PayrollId], [TicketCollectorId], [ContractTypeId], [TotalGrossSalary], [Bonus], [Year], [Month]) VALUES (19, 31, 2, 17, 771.68159129642027, 2002, 7)
INSERT [dbo].[Payroll] ([PayrollId], [TicketCollectorId], [ContractTypeId], [TotalGrossSalary], [Bonus], [Year], [Month]) VALUES (20, 20, 4, 17, 704.81845676192017, 2012, 8)
INSERT [dbo].[Payroll] ([PayrollId], [TicketCollectorId], [ContractTypeId], [TotalGrossSalary], [Bonus], [Year], [Month]) VALUES (21, 25, 3, 17, 1291.0915172151715, 2013, 9)
INSERT [dbo].[Payroll] ([PayrollId], [TicketCollectorId], [ContractTypeId], [TotalGrossSalary], [Bonus], [Year], [Month]) VALUES (22, 22, 3, 17, 1906.5800699901674, 1995, 10)
INSERT [dbo].[Payroll] ([PayrollId], [TicketCollectorId], [ContractTypeId], [TotalGrossSalary], [Bonus], [Year], [Month]) VALUES (23, 47, 4, 17, 1947.1504762522648, 1994, 11)
INSERT [dbo].[Payroll] ([PayrollId], [TicketCollectorId], [ContractTypeId], [TotalGrossSalary], [Bonus], [Year], [Month]) VALUES (24, 4, 3, 17, 161.82173237289382, 2002, 12)
INSERT [dbo].[Payroll] ([PayrollId], [TicketCollectorId], [ContractTypeId], [TotalGrossSalary], [Bonus], [Year], [Month]) VALUES (25, 59, 5, 17, 1762.43565872425, 2019, 1)
INSERT [dbo].[Payroll] ([PayrollId], [TicketCollectorId], [ContractTypeId], [TotalGrossSalary], [Bonus], [Year], [Month]) VALUES (26, 27, 6, 17, 392.05952193218263, 2015, 2)
INSERT [dbo].[Payroll] ([PayrollId], [TicketCollectorId], [ContractTypeId], [TotalGrossSalary], [Bonus], [Year], [Month]) VALUES (27, 80, 4, 17, 739.38622546353668, 1996, 3)
INSERT [dbo].[Payroll] ([PayrollId], [TicketCollectorId], [ContractTypeId], [TotalGrossSalary], [Bonus], [Year], [Month]) VALUES (28, 70, 2, 17, 1117.6115382079088, 1995, 4)
INSERT [dbo].[Payroll] ([PayrollId], [TicketCollectorId], [ContractTypeId], [TotalGrossSalary], [Bonus], [Year], [Month]) VALUES (29, 4, 2, 17, 1724.4138818813553, 1994, 5)
INSERT [dbo].[Payroll] ([PayrollId], [TicketCollectorId], [ContractTypeId], [TotalGrossSalary], [Bonus], [Year], [Month]) VALUES (30, 33, 1, 17, 1487.3054751601562, 2006, 6)
INSERT [dbo].[Payroll] ([PayrollId], [TicketCollectorId], [ContractTypeId], [TotalGrossSalary], [Bonus], [Year], [Month]) VALUES (31, 75, 1, 17, 1707.7454355115749, 1996, 7)
INSERT [dbo].[Payroll] ([PayrollId], [TicketCollectorId], [ContractTypeId], [TotalGrossSalary], [Bonus], [Year], [Month]) VALUES (32, 36, 4, 17, 299.76740400296046, 2002, 8)
INSERT [dbo].[Payroll] ([PayrollId], [TicketCollectorId], [ContractTypeId], [TotalGrossSalary], [Bonus], [Year], [Month]) VALUES (33, 58, 6, 17, 1560.7518244351968, 1995, 9)
INSERT [dbo].[Payroll] ([PayrollId], [TicketCollectorId], [ContractTypeId], [TotalGrossSalary], [Bonus], [Year], [Month]) VALUES (34, 38, 3, 17, 900.83725140469016, 2004, 10)
INSERT [dbo].[Payroll] ([PayrollId], [TicketCollectorId], [ContractTypeId], [TotalGrossSalary], [Bonus], [Year], [Month]) VALUES (35, 79, 1, 17, 1667.9292980897842, 1995, 11)
INSERT [dbo].[Payroll] ([PayrollId], [TicketCollectorId], [ContractTypeId], [TotalGrossSalary], [Bonus], [Year], [Month]) VALUES (36, 70, 5, 17, 1653.921570467726, 2016, 12)
INSERT [dbo].[Payroll] ([PayrollId], [TicketCollectorId], [ContractTypeId], [TotalGrossSalary], [Bonus], [Year], [Month]) VALUES (37, 1, 6, 17, 984.47819751895884, 1999, 1)
INSERT [dbo].[Payroll] ([PayrollId], [TicketCollectorId], [ContractTypeId], [TotalGrossSalary], [Bonus], [Year], [Month]) VALUES (38, 34, 1, 17, 761.89537754370622, 1991, 2)
INSERT [dbo].[Payroll] ([PayrollId], [TicketCollectorId], [ContractTypeId], [TotalGrossSalary], [Bonus], [Year], [Month]) VALUES (39, 33, 3, 17, 1675.8466678093405, 1990, 3)
INSERT [dbo].[Payroll] ([PayrollId], [TicketCollectorId], [ContractTypeId], [TotalGrossSalary], [Bonus], [Year], [Month]) VALUES (40, 68, 2, 17, 760.85977757389639, 2018, 4)
INSERT [dbo].[Payroll] ([PayrollId], [TicketCollectorId], [ContractTypeId], [TotalGrossSalary], [Bonus], [Year], [Month]) VALUES (41, 88, 4, 17, 358.30872336323779, 2018, 5)
INSERT [dbo].[Payroll] ([PayrollId], [TicketCollectorId], [ContractTypeId], [TotalGrossSalary], [Bonus], [Year], [Month]) VALUES (42, 46, 5, 17, 570.632783961777, 2006, 6)
INSERT [dbo].[Payroll] ([PayrollId], [TicketCollectorId], [ContractTypeId], [TotalGrossSalary], [Bonus], [Year], [Month]) VALUES (43, 9, 4, 17, 1597.2830520930154, 2001, 7)
INSERT [dbo].[Payroll] ([PayrollId], [TicketCollectorId], [ContractTypeId], [TotalGrossSalary], [Bonus], [Year], [Month]) VALUES (44, 79, 6, 17, 251.58246338906815, 1997, 8)
INSERT [dbo].[Payroll] ([PayrollId], [TicketCollectorId], [ContractTypeId], [TotalGrossSalary], [Bonus], [Year], [Month]) VALUES (45, 89, 3, 17, 928.49431602679851, 2019, 9)
INSERT [dbo].[Payroll] ([PayrollId], [TicketCollectorId], [ContractTypeId], [TotalGrossSalary], [Bonus], [Year], [Month]) VALUES (46, 56, 3, 17, 387.59791589695863, 1992, 10)
INSERT [dbo].[Payroll] ([PayrollId], [TicketCollectorId], [ContractTypeId], [TotalGrossSalary], [Bonus], [Year], [Month]) VALUES (47, 62, 6, 17, 1262.5556836196015, 2019, 11)
INSERT [dbo].[Payroll] ([PayrollId], [TicketCollectorId], [ContractTypeId], [TotalGrossSalary], [Bonus], [Year], [Month]) VALUES (48, 69, 5, 17, 1458.5079697233196, 2012, 12)
INSERT [dbo].[Payroll] ([PayrollId], [TicketCollectorId], [ContractTypeId], [TotalGrossSalary], [Bonus], [Year], [Month]) VALUES (49, 44, 4, 17, 1458.7823354912839, 2014, 1)
INSERT [dbo].[Payroll] ([PayrollId], [TicketCollectorId], [ContractTypeId], [TotalGrossSalary], [Bonus], [Year], [Month]) VALUES (50, 7, 2, 17, 914.34417055656388, 2007, 2)
INSERT [dbo].[Payroll] ([PayrollId], [TicketCollectorId], [ContractTypeId], [TotalGrossSalary], [Bonus], [Year], [Month]) VALUES (51, 37, 3, 17, 1426.295989857193, 2014, 3)
INSERT [dbo].[Payroll] ([PayrollId], [TicketCollectorId], [ContractTypeId], [TotalGrossSalary], [Bonus], [Year], [Month]) VALUES (52, 76, 2, 17, 215.70787775130378, 2006, 4)
INSERT [dbo].[Payroll] ([PayrollId], [TicketCollectorId], [ContractTypeId], [TotalGrossSalary], [Bonus], [Year], [Month]) VALUES (53, 35, 1, 17, 1050.8136474764037, 1997, 5)
INSERT [dbo].[Payroll] ([PayrollId], [TicketCollectorId], [ContractTypeId], [TotalGrossSalary], [Bonus], [Year], [Month]) VALUES (54, 78, 6, 17, 769.33040598841876, 2007, 6)
INSERT [dbo].[Payroll] ([PayrollId], [TicketCollectorId], [ContractTypeId], [TotalGrossSalary], [Bonus], [Year], [Month]) VALUES (55, 58, 5, 17, 343.4135989953827, 2001, 7)
INSERT [dbo].[Payroll] ([PayrollId], [TicketCollectorId], [ContractTypeId], [TotalGrossSalary], [Bonus], [Year], [Month]) VALUES (56, 85, 1, 17, 1360.5262801798647, 2018, 8)
INSERT [dbo].[Payroll] ([PayrollId], [TicketCollectorId], [ContractTypeId], [TotalGrossSalary], [Bonus], [Year], [Month]) VALUES (57, 95, 1, 17, 641.49330586264534, 2003, 9)
INSERT [dbo].[Payroll] ([PayrollId], [TicketCollectorId], [ContractTypeId], [TotalGrossSalary], [Bonus], [Year], [Month]) VALUES (58, 26, 4, 17, 603.15006068123046, 2009, 10)
INSERT [dbo].[Payroll] ([PayrollId], [TicketCollectorId], [ContractTypeId], [TotalGrossSalary], [Bonus], [Year], [Month]) VALUES (59, 2, 1, 17, 717.03936379265008, 2004, 11)
INSERT [dbo].[Payroll] ([PayrollId], [TicketCollectorId], [ContractTypeId], [TotalGrossSalary], [Bonus], [Year], [Month]) VALUES (60, 100, 5, 17, 845.86790243436951, 1996, 12)
INSERT [dbo].[Payroll] ([PayrollId], [TicketCollectorId], [ContractTypeId], [TotalGrossSalary], [Bonus], [Year], [Month]) VALUES (61, 100, 1, 17, 83.1062468155782, 1991, 1)
INSERT [dbo].[Payroll] ([PayrollId], [TicketCollectorId], [ContractTypeId], [TotalGrossSalary], [Bonus], [Year], [Month]) VALUES (62, 71, 4, 17, 379.47948015270731, 1990, 2)
INSERT [dbo].[Payroll] ([PayrollId], [TicketCollectorId], [ContractTypeId], [TotalGrossSalary], [Bonus], [Year], [Month]) VALUES (63, 54, 5, 17, 421.70191203323282, 2003, 3)
INSERT [dbo].[Payroll] ([PayrollId], [TicketCollectorId], [ContractTypeId], [TotalGrossSalary], [Bonus], [Year], [Month]) VALUES (64, 21, 4, 17, 316.53987444776106, 2004, 4)
INSERT [dbo].[Payroll] ([PayrollId], [TicketCollectorId], [ContractTypeId], [TotalGrossSalary], [Bonus], [Year], [Month]) VALUES (65, 91, 6, 17, 1800.9121174928323, 2017, 5)
INSERT [dbo].[Payroll] ([PayrollId], [TicketCollectorId], [ContractTypeId], [TotalGrossSalary], [Bonus], [Year], [Month]) VALUES (66, 73, 2, 17, 298.4955098007319, 2008, 6)
INSERT [dbo].[Payroll] ([PayrollId], [TicketCollectorId], [ContractTypeId], [TotalGrossSalary], [Bonus], [Year], [Month]) VALUES (67, 94, 2, 17, 135.51177742682015, 2003, 7)
INSERT [dbo].[Payroll] ([PayrollId], [TicketCollectorId], [ContractTypeId], [TotalGrossSalary], [Bonus], [Year], [Month]) VALUES (68, 70, 3, 17, 1362.9320214329903, 2000, 8)
INSERT [dbo].[Payroll] ([PayrollId], [TicketCollectorId], [ContractTypeId], [TotalGrossSalary], [Bonus], [Year], [Month]) VALUES (69, 92, 1, 17, 847.09382841693878, 2007, 9)
INSERT [dbo].[Payroll] ([PayrollId], [TicketCollectorId], [ContractTypeId], [TotalGrossSalary], [Bonus], [Year], [Month]) VALUES (70, 85, 3, 17, 1622.0608640564888, 2004, 10)
INSERT [dbo].[Payroll] ([PayrollId], [TicketCollectorId], [ContractTypeId], [TotalGrossSalary], [Bonus], [Year], [Month]) VALUES (71, 20, 6, 17, 1166.400999373943, 2001, 11)
INSERT [dbo].[Payroll] ([PayrollId], [TicketCollectorId], [ContractTypeId], [TotalGrossSalary], [Bonus], [Year], [Month]) VALUES (72, 19, 6, 17, 802.59575452776437, 1994, 12)
INSERT [dbo].[Payroll] ([PayrollId], [TicketCollectorId], [ContractTypeId], [TotalGrossSalary], [Bonus], [Year], [Month]) VALUES (73, 69, 1, 17, 67.951146544865864, 2004, 1)
INSERT [dbo].[Payroll] ([PayrollId], [TicketCollectorId], [ContractTypeId], [TotalGrossSalary], [Bonus], [Year], [Month]) VALUES (74, 63, 1, 17, 10.821813722523773, 2003, 2)
INSERT [dbo].[Payroll] ([PayrollId], [TicketCollectorId], [ContractTypeId], [TotalGrossSalary], [Bonus], [Year], [Month]) VALUES (75, 32, 6, 17, 346.50973339868227, 2013, 3)
INSERT [dbo].[Payroll] ([PayrollId], [TicketCollectorId], [ContractTypeId], [TotalGrossSalary], [Bonus], [Year], [Month]) VALUES (76, 80, 4, 17, 720.4587332533946, 1996, 4)
INSERT [dbo].[Payroll] ([PayrollId], [TicketCollectorId], [ContractTypeId], [TotalGrossSalary], [Bonus], [Year], [Month]) VALUES (77, 14, 5, 17, 309.29701789715187, 2014, 5)
INSERT [dbo].[Payroll] ([PayrollId], [TicketCollectorId], [ContractTypeId], [TotalGrossSalary], [Bonus], [Year], [Month]) VALUES (78, 69, 5, 17, 1695.5680128631964, 2017, 6)
INSERT [dbo].[Payroll] ([PayrollId], [TicketCollectorId], [ContractTypeId], [TotalGrossSalary], [Bonus], [Year], [Month]) VALUES (79, 16, 6, 17, 1233.3274163460951, 2003, 7)
INSERT [dbo].[Payroll] ([PayrollId], [TicketCollectorId], [ContractTypeId], [TotalGrossSalary], [Bonus], [Year], [Month]) VALUES (80, 4, 2, 17, 1374.8377428272916, 2017, 8)
INSERT [dbo].[Payroll] ([PayrollId], [TicketCollectorId], [ContractTypeId], [TotalGrossSalary], [Bonus], [Year], [Month]) VALUES (81, 66, 6, 17, 1129.5038383125811, 2016, 9)
INSERT [dbo].[Payroll] ([PayrollId], [TicketCollectorId], [ContractTypeId], [TotalGrossSalary], [Bonus], [Year], [Month]) VALUES (82, 11, 6, 17, 1280.8782557402169, 2004, 10)
INSERT [dbo].[Payroll] ([PayrollId], [TicketCollectorId], [ContractTypeId], [TotalGrossSalary], [Bonus], [Year], [Month]) VALUES (83, 27, 5, 17, 1658.8292027166249, 2000, 11)
INSERT [dbo].[Payroll] ([PayrollId], [TicketCollectorId], [ContractTypeId], [TotalGrossSalary], [Bonus], [Year], [Month]) VALUES (84, 98, 1, 17, 810.06971132479134, 2006, 12)
INSERT [dbo].[Payroll] ([PayrollId], [TicketCollectorId], [ContractTypeId], [TotalGrossSalary], [Bonus], [Year], [Month]) VALUES (85, 97, 4, 17, 61.00948530296305, 2011, 1)
INSERT [dbo].[Payroll] ([PayrollId], [TicketCollectorId], [ContractTypeId], [TotalGrossSalary], [Bonus], [Year], [Month]) VALUES (86, 100, 6, 17, 1492.0375577602711, 2009, 2)
INSERT [dbo].[Payroll] ([PayrollId], [TicketCollectorId], [ContractTypeId], [TotalGrossSalary], [Bonus], [Year], [Month]) VALUES (87, 2, 4, 17, 1248.9537565265566, 1994, 3)
INSERT [dbo].[Payroll] ([PayrollId], [TicketCollectorId], [ContractTypeId], [TotalGrossSalary], [Bonus], [Year], [Month]) VALUES (88, 81, 6, 17, 791.421418446778, 2007, 4)
INSERT [dbo].[Payroll] ([PayrollId], [TicketCollectorId], [ContractTypeId], [TotalGrossSalary], [Bonus], [Year], [Month]) VALUES (89, 81, 4, 17, 557.42365240930746, 1993, 5)
INSERT [dbo].[Payroll] ([PayrollId], [TicketCollectorId], [ContractTypeId], [TotalGrossSalary], [Bonus], [Year], [Month]) VALUES (90, 94, 1, 17, 307.40301790991936, 1996, 6)
INSERT [dbo].[Payroll] ([PayrollId], [TicketCollectorId], [ContractTypeId], [TotalGrossSalary], [Bonus], [Year], [Month]) VALUES (91, 75, 5, 17, 1012.4282646050808, 2002, 7)
INSERT [dbo].[Payroll] ([PayrollId], [TicketCollectorId], [ContractTypeId], [TotalGrossSalary], [Bonus], [Year], [Month]) VALUES (92, 76, 2, 17, 381.32813683772838, 2010, 8)
INSERT [dbo].[Payroll] ([PayrollId], [TicketCollectorId], [ContractTypeId], [TotalGrossSalary], [Bonus], [Year], [Month]) VALUES (93, 33, 6, 17, 44.856013751056054, 2007, 9)
INSERT [dbo].[Payroll] ([PayrollId], [TicketCollectorId], [ContractTypeId], [TotalGrossSalary], [Bonus], [Year], [Month]) VALUES (94, 33, 5, 17, 829.978765374971, 2013, 10)
INSERT [dbo].[Payroll] ([PayrollId], [TicketCollectorId], [ContractTypeId], [TotalGrossSalary], [Bonus], [Year], [Month]) VALUES (95, 68, 2, 17, 677.75353075831822, 2016, 11)
INSERT [dbo].[Payroll] ([PayrollId], [TicketCollectorId], [ContractTypeId], [TotalGrossSalary], [Bonus], [Year], [Month]) VALUES (96, 18, 1, 17, 1978.8292432105307, 2017, 12)
INSERT [dbo].[Payroll] ([PayrollId], [TicketCollectorId], [ContractTypeId], [TotalGrossSalary], [Bonus], [Year], [Month]) VALUES (97, 92, 6, 17, 148.93087192854418, 1993, 1)
INSERT [dbo].[Payroll] ([PayrollId], [TicketCollectorId], [ContractTypeId], [TotalGrossSalary], [Bonus], [Year], [Month]) VALUES (98, 88, 1, 17, 1280.7431776452545, 2016, 2)
INSERT [dbo].[Payroll] ([PayrollId], [TicketCollectorId], [ContractTypeId], [TotalGrossSalary], [Bonus], [Year], [Month]) VALUES (99, 89, 6, 17, 450.67034589623586, 2000, 3)
GO
INSERT [dbo].[Payroll] ([PayrollId], [TicketCollectorId], [ContractTypeId], [TotalGrossSalary], [Bonus], [Year], [Month]) VALUES (100, 16, 2, 17, 629.99880622606679, 2001, 4)
INSERT [dbo].[Payroll] ([PayrollId], [TicketCollectorId], [ContractTypeId], [TotalGrossSalary], [Bonus], [Year], [Month]) VALUES (101, 62, 1, 17, 252.08613847013851, 2008, 5)
INSERT [dbo].[Payroll] ([PayrollId], [TicketCollectorId], [ContractTypeId], [TotalGrossSalary], [Bonus], [Year], [Month]) VALUES (102, 92, 4, 17, 1899.6236621866115, 2008, 6)
INSERT [dbo].[Payroll] ([PayrollId], [TicketCollectorId], [ContractTypeId], [TotalGrossSalary], [Bonus], [Year], [Month]) VALUES (103, 78, 4, 17, 611.41414130638088, 1994, 7)
INSERT [dbo].[Payroll] ([PayrollId], [TicketCollectorId], [ContractTypeId], [TotalGrossSalary], [Bonus], [Year], [Month]) VALUES (104, 60, 1, 17, 1836.7214714347949, 2000, 8)
INSERT [dbo].[Payroll] ([PayrollId], [TicketCollectorId], [ContractTypeId], [TotalGrossSalary], [Bonus], [Year], [Month]) VALUES (105, 87, 2, 17, 1747.943171182621, 1996, 9)
INSERT [dbo].[Payroll] ([PayrollId], [TicketCollectorId], [ContractTypeId], [TotalGrossSalary], [Bonus], [Year], [Month]) VALUES (106, 18, 4, 17, 623.70023532942878, 2010, 10)
INSERT [dbo].[Payroll] ([PayrollId], [TicketCollectorId], [ContractTypeId], [TotalGrossSalary], [Bonus], [Year], [Month]) VALUES (107, 7, 1, 17, 147.75673120643793, 1992, 11)
INSERT [dbo].[Payroll] ([PayrollId], [TicketCollectorId], [ContractTypeId], [TotalGrossSalary], [Bonus], [Year], [Month]) VALUES (108, 72, 6, 17, 1039.99183375388, 2013, 12)
INSERT [dbo].[Payroll] ([PayrollId], [TicketCollectorId], [ContractTypeId], [TotalGrossSalary], [Bonus], [Year], [Month]) VALUES (109, 46, 1, 17, 422.82067258973638, 2013, 1)
INSERT [dbo].[Payroll] ([PayrollId], [TicketCollectorId], [ContractTypeId], [TotalGrossSalary], [Bonus], [Year], [Month]) VALUES (110, 78, 1, 17, 1622.9548657419882, 1994, 2)
INSERT [dbo].[Payroll] ([PayrollId], [TicketCollectorId], [ContractTypeId], [TotalGrossSalary], [Bonus], [Year], [Month]) VALUES (111, 72, 2, 17, 1051.2292622827131, 1993, 3)
INSERT [dbo].[Payroll] ([PayrollId], [TicketCollectorId], [ContractTypeId], [TotalGrossSalary], [Bonus], [Year], [Month]) VALUES (112, 27, 3, 17, 945.92529299944886, 2006, 4)
INSERT [dbo].[Payroll] ([PayrollId], [TicketCollectorId], [ContractTypeId], [TotalGrossSalary], [Bonus], [Year], [Month]) VALUES (113, 11, 4, 17, 1369.822644335135, 1996, 5)
INSERT [dbo].[Payroll] ([PayrollId], [TicketCollectorId], [ContractTypeId], [TotalGrossSalary], [Bonus], [Year], [Month]) VALUES (114, 98, 6, 17, 1342.2016209653586, 2007, 6)
INSERT [dbo].[Payroll] ([PayrollId], [TicketCollectorId], [ContractTypeId], [TotalGrossSalary], [Bonus], [Year], [Month]) VALUES (115, 35, 6, 17, 1716.3640641217883, 2000, 7)
INSERT [dbo].[Payroll] ([PayrollId], [TicketCollectorId], [ContractTypeId], [TotalGrossSalary], [Bonus], [Year], [Month]) VALUES (116, 90, 1, 17, 802.22799107536116, 2007, 8)
INSERT [dbo].[Payroll] ([PayrollId], [TicketCollectorId], [ContractTypeId], [TotalGrossSalary], [Bonus], [Year], [Month]) VALUES (117, 45, 5, 17, 720.65027743608232, 2010, 9)
INSERT [dbo].[Payroll] ([PayrollId], [TicketCollectorId], [ContractTypeId], [TotalGrossSalary], [Bonus], [Year], [Month]) VALUES (118, 57, 4, 17, 1611.6322007084416, 2016, 10)
INSERT [dbo].[Payroll] ([PayrollId], [TicketCollectorId], [ContractTypeId], [TotalGrossSalary], [Bonus], [Year], [Month]) VALUES (119, 25, 6, 17, 255.53038914479797, 2012, 11)
INSERT [dbo].[Payroll] ([PayrollId], [TicketCollectorId], [ContractTypeId], [TotalGrossSalary], [Bonus], [Year], [Month]) VALUES (120, 92, 6, 17, 308.87455973256129, 1997, 12)
INSERT [dbo].[Payroll] ([PayrollId], [TicketCollectorId], [ContractTypeId], [TotalGrossSalary], [Bonus], [Year], [Month]) VALUES (121, 72, 4, 17, 1049.5417532741753, 2003, 1)
INSERT [dbo].[Payroll] ([PayrollId], [TicketCollectorId], [ContractTypeId], [TotalGrossSalary], [Bonus], [Year], [Month]) VALUES (122, 14, 2, 17, 1344.0903589800421, 2015, 2)
INSERT [dbo].[Payroll] ([PayrollId], [TicketCollectorId], [ContractTypeId], [TotalGrossSalary], [Bonus], [Year], [Month]) VALUES (123, 90, 5, 17, 805.50836902368269, 1997, 3)
INSERT [dbo].[Payroll] ([PayrollId], [TicketCollectorId], [ContractTypeId], [TotalGrossSalary], [Bonus], [Year], [Month]) VALUES (124, 98, 1, 17, 539.69081050701936, 2001, 4)
INSERT [dbo].[Payroll] ([PayrollId], [TicketCollectorId], [ContractTypeId], [TotalGrossSalary], [Bonus], [Year], [Month]) VALUES (125, 10, 5, 17, 609.632599451408, 1991, 5)
INSERT [dbo].[Payroll] ([PayrollId], [TicketCollectorId], [ContractTypeId], [TotalGrossSalary], [Bonus], [Year], [Month]) VALUES (126, 45, 5, 17, 785.07286253621464, 2011, 6)
INSERT [dbo].[Payroll] ([PayrollId], [TicketCollectorId], [ContractTypeId], [TotalGrossSalary], [Bonus], [Year], [Month]) VALUES (127, 87, 1, 17, 757.73974077670823, 2006, 7)
INSERT [dbo].[Payroll] ([PayrollId], [TicketCollectorId], [ContractTypeId], [TotalGrossSalary], [Bonus], [Year], [Month]) VALUES (128, 37, 3, 17, 1237.9723811698948, 2011, 8)
INSERT [dbo].[Payroll] ([PayrollId], [TicketCollectorId], [ContractTypeId], [TotalGrossSalary], [Bonus], [Year], [Month]) VALUES (129, 95, 6, 17, 1333.0682829642055, 2007, 9)
INSERT [dbo].[Payroll] ([PayrollId], [TicketCollectorId], [ContractTypeId], [TotalGrossSalary], [Bonus], [Year], [Month]) VALUES (130, 15, 5, 17, 367.68049018815185, 2015, 10)
INSERT [dbo].[Payroll] ([PayrollId], [TicketCollectorId], [ContractTypeId], [TotalGrossSalary], [Bonus], [Year], [Month]) VALUES (131, 88, 5, 17, 571.52786132485051, 1992, 11)
INSERT [dbo].[Payroll] ([PayrollId], [TicketCollectorId], [ContractTypeId], [TotalGrossSalary], [Bonus], [Year], [Month]) VALUES (132, 26, 5, 17, 1028.5538402518976, 2018, 12)
INSERT [dbo].[Payroll] ([PayrollId], [TicketCollectorId], [ContractTypeId], [TotalGrossSalary], [Bonus], [Year], [Month]) VALUES (133, 80, 5, 17, 1244.8976669669607, 2006, 1)
INSERT [dbo].[Payroll] ([PayrollId], [TicketCollectorId], [ContractTypeId], [TotalGrossSalary], [Bonus], [Year], [Month]) VALUES (134, 100, 5, 17, 603.32861012002854, 1992, 2)
INSERT [dbo].[Payroll] ([PayrollId], [TicketCollectorId], [ContractTypeId], [TotalGrossSalary], [Bonus], [Year], [Month]) VALUES (135, 42, 1, 17, 1122.7516043571532, 1998, 3)
INSERT [dbo].[Payroll] ([PayrollId], [TicketCollectorId], [ContractTypeId], [TotalGrossSalary], [Bonus], [Year], [Month]) VALUES (136, 74, 3, 17, 1229.88017612597, 1997, 4)
INSERT [dbo].[Payroll] ([PayrollId], [TicketCollectorId], [ContractTypeId], [TotalGrossSalary], [Bonus], [Year], [Month]) VALUES (137, 34, 3, 17, 669.46411443383624, 2000, 5)
INSERT [dbo].[Payroll] ([PayrollId], [TicketCollectorId], [ContractTypeId], [TotalGrossSalary], [Bonus], [Year], [Month]) VALUES (138, 67, 5, 17, 1822.10773128183, 2019, 6)
INSERT [dbo].[Payroll] ([PayrollId], [TicketCollectorId], [ContractTypeId], [TotalGrossSalary], [Bonus], [Year], [Month]) VALUES (139, 11, 6, 17, 1062.1265401421704, 2000, 7)
INSERT [dbo].[Payroll] ([PayrollId], [TicketCollectorId], [ContractTypeId], [TotalGrossSalary], [Bonus], [Year], [Month]) VALUES (140, 79, 1, 17, 1437.3092499735342, 1990, 8)
INSERT [dbo].[Payroll] ([PayrollId], [TicketCollectorId], [ContractTypeId], [TotalGrossSalary], [Bonus], [Year], [Month]) VALUES (141, 93, 6, 17, 1344.2808265538331, 2007, 9)
INSERT [dbo].[Payroll] ([PayrollId], [TicketCollectorId], [ContractTypeId], [TotalGrossSalary], [Bonus], [Year], [Month]) VALUES (142, 30, 4, 17, 208.96192277267664, 2001, 10)
INSERT [dbo].[Payroll] ([PayrollId], [TicketCollectorId], [ContractTypeId], [TotalGrossSalary], [Bonus], [Year], [Month]) VALUES (143, 35, 6, 17, 368.60074585704166, 2013, 11)
INSERT [dbo].[Payroll] ([PayrollId], [TicketCollectorId], [ContractTypeId], [TotalGrossSalary], [Bonus], [Year], [Month]) VALUES (144, 3, 4, 17, 934.46878666731936, 2018, 12)
INSERT [dbo].[Payroll] ([PayrollId], [TicketCollectorId], [ContractTypeId], [TotalGrossSalary], [Bonus], [Year], [Month]) VALUES (145, 23, 5, 17, 1256.1737556272065, 1992, 1)
INSERT [dbo].[Payroll] ([PayrollId], [TicketCollectorId], [ContractTypeId], [TotalGrossSalary], [Bonus], [Year], [Month]) VALUES (146, 49, 2, 17, 66.50297160563197, 2016, 2)
INSERT [dbo].[Payroll] ([PayrollId], [TicketCollectorId], [ContractTypeId], [TotalGrossSalary], [Bonus], [Year], [Month]) VALUES (147, 66, 4, 17, 1011.5054925025933, 2003, 3)
INSERT [dbo].[Payroll] ([PayrollId], [TicketCollectorId], [ContractTypeId], [TotalGrossSalary], [Bonus], [Year], [Month]) VALUES (148, 35, 1, 17, 702.65439278569738, 1990, 4)
INSERT [dbo].[Payroll] ([PayrollId], [TicketCollectorId], [ContractTypeId], [TotalGrossSalary], [Bonus], [Year], [Month]) VALUES (149, 99, 6, 17, 1113.6147012531826, 2002, 5)
INSERT [dbo].[Payroll] ([PayrollId], [TicketCollectorId], [ContractTypeId], [TotalGrossSalary], [Bonus], [Year], [Month]) VALUES (150, 79, 2, 17, 1875.5255396829571, 1999, 6)
INSERT [dbo].[Payroll] ([PayrollId], [TicketCollectorId], [ContractTypeId], [TotalGrossSalary], [Bonus], [Year], [Month]) VALUES (151, 74, 3, 17, 1258.1789657744482, 1997, 7)
INSERT [dbo].[Payroll] ([PayrollId], [TicketCollectorId], [ContractTypeId], [TotalGrossSalary], [Bonus], [Year], [Month]) VALUES (152, 36, 2, 17, 537.29867122010262, 1997, 8)
INSERT [dbo].[Payroll] ([PayrollId], [TicketCollectorId], [ContractTypeId], [TotalGrossSalary], [Bonus], [Year], [Month]) VALUES (153, 64, 2, 17, 1025.2127885004566, 1994, 9)
INSERT [dbo].[Payroll] ([PayrollId], [TicketCollectorId], [ContractTypeId], [TotalGrossSalary], [Bonus], [Year], [Month]) VALUES (154, 98, 1, 17, 141.79578616367459, 1993, 10)
INSERT [dbo].[Payroll] ([PayrollId], [TicketCollectorId], [ContractTypeId], [TotalGrossSalary], [Bonus], [Year], [Month]) VALUES (155, 44, 4, 17, 1580.4570529518915, 2017, 11)
INSERT [dbo].[Payroll] ([PayrollId], [TicketCollectorId], [ContractTypeId], [TotalGrossSalary], [Bonus], [Year], [Month]) VALUES (156, 49, 5, 17, 907.99577949009631, 2013, 12)
INSERT [dbo].[Payroll] ([PayrollId], [TicketCollectorId], [ContractTypeId], [TotalGrossSalary], [Bonus], [Year], [Month]) VALUES (157, 3, 6, 17, 1094.1152931629285, 2001, 1)
INSERT [dbo].[Payroll] ([PayrollId], [TicketCollectorId], [ContractTypeId], [TotalGrossSalary], [Bonus], [Year], [Month]) VALUES (158, 80, 4, 17, 71.723330799361378, 2013, 2)
INSERT [dbo].[Payroll] ([PayrollId], [TicketCollectorId], [ContractTypeId], [TotalGrossSalary], [Bonus], [Year], [Month]) VALUES (159, 51, 2, 17, 1227.088871983387, 1999, 3)
INSERT [dbo].[Payroll] ([PayrollId], [TicketCollectorId], [ContractTypeId], [TotalGrossSalary], [Bonus], [Year], [Month]) VALUES (160, 43, 3, 17, 962.87030864640622, 2004, 4)
INSERT [dbo].[Payroll] ([PayrollId], [TicketCollectorId], [ContractTypeId], [TotalGrossSalary], [Bonus], [Year], [Month]) VALUES (161, 32, 4, 17, 1865.9604945527206, 1994, 5)
INSERT [dbo].[Payroll] ([PayrollId], [TicketCollectorId], [ContractTypeId], [TotalGrossSalary], [Bonus], [Year], [Month]) VALUES (162, 71, 4, 17, 909.78435003654306, 2001, 6)
INSERT [dbo].[Payroll] ([PayrollId], [TicketCollectorId], [ContractTypeId], [TotalGrossSalary], [Bonus], [Year], [Month]) VALUES (163, 77, 1, 17, 1706.9235507896744, 1996, 7)
INSERT [dbo].[Payroll] ([PayrollId], [TicketCollectorId], [ContractTypeId], [TotalGrossSalary], [Bonus], [Year], [Month]) VALUES (164, 32, 2, 17, 55.140182401584546, 2017, 8)
INSERT [dbo].[Payroll] ([PayrollId], [TicketCollectorId], [ContractTypeId], [TotalGrossSalary], [Bonus], [Year], [Month]) VALUES (165, 90, 3, 17, 1051.4270044171376, 1992, 9)
INSERT [dbo].[Payroll] ([PayrollId], [TicketCollectorId], [ContractTypeId], [TotalGrossSalary], [Bonus], [Year], [Month]) VALUES (166, 46, 4, 17, 22.675422030815586, 1995, 10)
INSERT [dbo].[Payroll] ([PayrollId], [TicketCollectorId], [ContractTypeId], [TotalGrossSalary], [Bonus], [Year], [Month]) VALUES (167, 48, 4, 17, 1701.0276260324881, 2019, 11)
INSERT [dbo].[Payroll] ([PayrollId], [TicketCollectorId], [ContractTypeId], [TotalGrossSalary], [Bonus], [Year], [Month]) VALUES (168, 11, 6, 17, 766.49403421510669, 1994, 12)
INSERT [dbo].[Payroll] ([PayrollId], [TicketCollectorId], [ContractTypeId], [TotalGrossSalary], [Bonus], [Year], [Month]) VALUES (169, 57, 5, 17, 219.45001660820563, 1998, 1)
INSERT [dbo].[Payroll] ([PayrollId], [TicketCollectorId], [ContractTypeId], [TotalGrossSalary], [Bonus], [Year], [Month]) VALUES (170, 61, 3, 17, 486.48388799581858, 1993, 2)
INSERT [dbo].[Payroll] ([PayrollId], [TicketCollectorId], [ContractTypeId], [TotalGrossSalary], [Bonus], [Year], [Month]) VALUES (171, 56, 5, 17, 132.76387664152489, 1997, 3)
INSERT [dbo].[Payroll] ([PayrollId], [TicketCollectorId], [ContractTypeId], [TotalGrossSalary], [Bonus], [Year], [Month]) VALUES (172, 78, 6, 17, 898.54254615425259, 2010, 4)
INSERT [dbo].[Payroll] ([PayrollId], [TicketCollectorId], [ContractTypeId], [TotalGrossSalary], [Bonus], [Year], [Month]) VALUES (173, 46, 5, 17, 549.5056605662711, 2006, 5)
INSERT [dbo].[Payroll] ([PayrollId], [TicketCollectorId], [ContractTypeId], [TotalGrossSalary], [Bonus], [Year], [Month]) VALUES (174, 46, 5, 17, 818.22113917126376, 2011, 6)
INSERT [dbo].[Payroll] ([PayrollId], [TicketCollectorId], [ContractTypeId], [TotalGrossSalary], [Bonus], [Year], [Month]) VALUES (175, 99, 1, 17, 964.59373317872814, 2009, 7)
INSERT [dbo].[Payroll] ([PayrollId], [TicketCollectorId], [ContractTypeId], [TotalGrossSalary], [Bonus], [Year], [Month]) VALUES (176, 42, 1, 17, 840.57983050149858, 1992, 8)
INSERT [dbo].[Payroll] ([PayrollId], [TicketCollectorId], [ContractTypeId], [TotalGrossSalary], [Bonus], [Year], [Month]) VALUES (177, 79, 3, 17, 975.48961312300037, 1991, 9)
INSERT [dbo].[Payroll] ([PayrollId], [TicketCollectorId], [ContractTypeId], [TotalGrossSalary], [Bonus], [Year], [Month]) VALUES (178, 87, 2, 17, 1871.0395823563633, 1998, 10)
INSERT [dbo].[Payroll] ([PayrollId], [TicketCollectorId], [ContractTypeId], [TotalGrossSalary], [Bonus], [Year], [Month]) VALUES (179, 75, 3, 17, 1283.517054879813, 1998, 11)
INSERT [dbo].[Payroll] ([PayrollId], [TicketCollectorId], [ContractTypeId], [TotalGrossSalary], [Bonus], [Year], [Month]) VALUES (180, 61, 3, 17, 543.1296278457761, 1994, 12)
INSERT [dbo].[Payroll] ([PayrollId], [TicketCollectorId], [ContractTypeId], [TotalGrossSalary], [Bonus], [Year], [Month]) VALUES (181, 79, 1, 17, 1773.5673700336215, 1997, 1)
INSERT [dbo].[Payroll] ([PayrollId], [TicketCollectorId], [ContractTypeId], [TotalGrossSalary], [Bonus], [Year], [Month]) VALUES (182, 52, 1, 17, 55.0853479910108, 2005, 2)
INSERT [dbo].[Payroll] ([PayrollId], [TicketCollectorId], [ContractTypeId], [TotalGrossSalary], [Bonus], [Year], [Month]) VALUES (183, 38, 4, 17, 124.3576799167123, 1998, 3)
INSERT [dbo].[Payroll] ([PayrollId], [TicketCollectorId], [ContractTypeId], [TotalGrossSalary], [Bonus], [Year], [Month]) VALUES (184, 17, 5, 17, 1457.5427432812485, 1997, 4)
INSERT [dbo].[Payroll] ([PayrollId], [TicketCollectorId], [ContractTypeId], [TotalGrossSalary], [Bonus], [Year], [Month]) VALUES (185, 42, 3, 17, 1109.5015244137037, 2008, 5)
INSERT [dbo].[Payroll] ([PayrollId], [TicketCollectorId], [ContractTypeId], [TotalGrossSalary], [Bonus], [Year], [Month]) VALUES (186, 53, 3, 17, 34.229190104747744, 2015, 6)
INSERT [dbo].[Payroll] ([PayrollId], [TicketCollectorId], [ContractTypeId], [TotalGrossSalary], [Bonus], [Year], [Month]) VALUES (187, 62, 3, 17, 3.3410517514408808, 2013, 7)
INSERT [dbo].[Payroll] ([PayrollId], [TicketCollectorId], [ContractTypeId], [TotalGrossSalary], [Bonus], [Year], [Month]) VALUES (188, 83, 5, 17, 1103.1018808032859, 2003, 8)
INSERT [dbo].[Payroll] ([PayrollId], [TicketCollectorId], [ContractTypeId], [TotalGrossSalary], [Bonus], [Year], [Month]) VALUES (189, 56, 2, 17, 1022.8715571681371, 1994, 9)
INSERT [dbo].[Payroll] ([PayrollId], [TicketCollectorId], [ContractTypeId], [TotalGrossSalary], [Bonus], [Year], [Month]) VALUES (190, 93, 2, 17, 214.75582486705662, 2005, 10)
INSERT [dbo].[Payroll] ([PayrollId], [TicketCollectorId], [ContractTypeId], [TotalGrossSalary], [Bonus], [Year], [Month]) VALUES (191, 72, 3, 17, 135.76488296304126, 2015, 11)
INSERT [dbo].[Payroll] ([PayrollId], [TicketCollectorId], [ContractTypeId], [TotalGrossSalary], [Bonus], [Year], [Month]) VALUES (192, 54, 5, 17, 597.740783634475, 2006, 12)
INSERT [dbo].[Payroll] ([PayrollId], [TicketCollectorId], [ContractTypeId], [TotalGrossSalary], [Bonus], [Year], [Month]) VALUES (193, 17, 4, 17, 595.01885929844286, 2010, 1)
INSERT [dbo].[Payroll] ([PayrollId], [TicketCollectorId], [ContractTypeId], [TotalGrossSalary], [Bonus], [Year], [Month]) VALUES (194, 69, 3, 17, 99.256231495764212, 2015, 2)
INSERT [dbo].[Payroll] ([PayrollId], [TicketCollectorId], [ContractTypeId], [TotalGrossSalary], [Bonus], [Year], [Month]) VALUES (195, 47, 4, 17, 1571.3487554208136, 2016, 3)
INSERT [dbo].[Payroll] ([PayrollId], [TicketCollectorId], [ContractTypeId], [TotalGrossSalary], [Bonus], [Year], [Month]) VALUES (196, 22, 2, 17, 434.49647651729015, 1996, 4)
INSERT [dbo].[Payroll] ([PayrollId], [TicketCollectorId], [ContractTypeId], [TotalGrossSalary], [Bonus], [Year], [Month]) VALUES (197, 53, 3, 17, 502.03837198300215, 1994, 5)
INSERT [dbo].[Payroll] ([PayrollId], [TicketCollectorId], [ContractTypeId], [TotalGrossSalary], [Bonus], [Year], [Month]) VALUES (198, 3, 5, 17, 313.46056345545713, 2016, 6)
INSERT [dbo].[Payroll] ([PayrollId], [TicketCollectorId], [ContractTypeId], [TotalGrossSalary], [Bonus], [Year], [Month]) VALUES (199, 14, 1, 17, 1883.0417822501818, 2016, 7)
GO
SET IDENTITY_INSERT [dbo].[Payroll] OFF
SET IDENTITY_INSERT [dbo].[TicketCollector] ON 

INSERT [dbo].[TicketCollector] ([TicketCollectorId], [CompanyId], [ControlScheduleId], [Name], [Surname], [MedicalExamValidity], [BirthDate], [LicenseNumber], [TrainingValidity], [JobStatusId], [BankAccountNumber], [ColleagueTicketCollectorId]) VALUES (1, 10, NULL, N'Vincent', N'Flowers', CAST(N'2019-05-02' AS Date), CAST(N'1981-06-16' AS Date), 12788, CAST(N'2022-11-26' AS Date), 1, N'91693050154183813965816123', 2)
INSERT [dbo].[TicketCollector] ([TicketCollectorId], [CompanyId], [ControlScheduleId], [Name], [Surname], [MedicalExamValidity], [BirthDate], [LicenseNumber], [TrainingValidity], [JobStatusId], [BankAccountNumber], [ColleagueTicketCollectorId]) VALUES (2, 4, 1107556115, N'Mandy', N'Richards', CAST(N'2021-01-13' AS Date), CAST(N'1990-09-20' AS Date), 9591, CAST(N'2021-05-03' AS Date), 2, N'29117908915609954049393828', NULL)
INSERT [dbo].[TicketCollector] ([TicketCollectorId], [CompanyId], [ControlScheduleId], [Name], [Surname], [MedicalExamValidity], [BirthDate], [LicenseNumber], [TrainingValidity], [JobStatusId], [BankAccountNumber], [ColleagueTicketCollectorId]) VALUES (3, 9, 1350366667, N'Sally', N'Kaufman', CAST(N'2021-06-08' AS Date), CAST(N'1967-06-22' AS Date), 686, CAST(N'2023-03-28' AS Date), 3, N'88446083003628590736685218', NULL)
INSERT [dbo].[TicketCollector] ([TicketCollectorId], [CompanyId], [ControlScheduleId], [Name], [Surname], [MedicalExamValidity], [BirthDate], [LicenseNumber], [TrainingValidity], [JobStatusId], [BankAccountNumber], [ColleagueTicketCollectorId]) VALUES (4, 8, 1099327833, N'Jo', N'Bowen', CAST(N'2021-05-03' AS Date), CAST(N'1990-06-30' AS Date), 1119, CAST(N'2020-05-07' AS Date), 4, N'82629952947952695032080309', 3)
INSERT [dbo].[TicketCollector] ([TicketCollectorId], [CompanyId], [ControlScheduleId], [Name], [Surname], [MedicalExamValidity], [BirthDate], [LicenseNumber], [TrainingValidity], [JobStatusId], [BankAccountNumber], [ColleagueTicketCollectorId]) VALUES (5, 10, 2027167632, N'Brett', N'Schultz', CAST(N'2021-11-08' AS Date), CAST(N'1960-09-28' AS Date), 61621, CAST(N'2019-05-29' AS Date), 1, N'89323869047477554387409018', NULL)
INSERT [dbo].[TicketCollector] ([TicketCollectorId], [CompanyId], [ControlScheduleId], [Name], [Surname], [MedicalExamValidity], [BirthDate], [LicenseNumber], [TrainingValidity], [JobStatusId], [BankAccountNumber], [ColleagueTicketCollectorId]) VALUES (6, 6, NULL, N'Lawrence', N'Romero', CAST(N'2019-02-10' AS Date), CAST(N'1995-05-21' AS Date), 77564, CAST(N'2022-11-24' AS Date), 2, N'39222976262409254855552502', 4)
INSERT [dbo].[TicketCollector] ([TicketCollectorId], [CompanyId], [ControlScheduleId], [Name], [Surname], [MedicalExamValidity], [BirthDate], [LicenseNumber], [TrainingValidity], [JobStatusId], [BankAccountNumber], [ColleagueTicketCollectorId]) VALUES (7, 1, NULL, N'Jim', N'Cortez', CAST(N'2022-04-08' AS Date), CAST(N'1965-06-12' AS Date), 71283, CAST(N'2019-12-19' AS Date), 3, N'77930423981540029297824415', NULL)
INSERT [dbo].[TicketCollector] ([TicketCollectorId], [CompanyId], [ControlScheduleId], [Name], [Surname], [MedicalExamValidity], [BirthDate], [LicenseNumber], [TrainingValidity], [JobStatusId], [BankAccountNumber], [ColleagueTicketCollectorId]) VALUES (8, 1, 770489801, N'Mary', N'Ochoa', CAST(N'2019-02-05' AS Date), CAST(N'1977-09-23' AS Date), 2777, CAST(N'2022-03-06' AS Date), 4, N'08672979833198627230452331', 5)
INSERT [dbo].[TicketCollector] ([TicketCollectorId], [CompanyId], [ControlScheduleId], [Name], [Surname], [MedicalExamValidity], [BirthDate], [LicenseNumber], [TrainingValidity], [JobStatusId], [BankAccountNumber], [ColleagueTicketCollectorId]) VALUES (9, 10, 872219186, N'Kerrie', N'Newman', CAST(N'2020-08-03' AS Date), CAST(N'1977-06-30' AS Date), 64487, CAST(N'2023-08-12' AS Date), 1, N'35341421430957119509829728', NULL)
INSERT [dbo].[TicketCollector] ([TicketCollectorId], [CompanyId], [ControlScheduleId], [Name], [Surname], [MedicalExamValidity], [BirthDate], [LicenseNumber], [TrainingValidity], [JobStatusId], [BankAccountNumber], [ColleagueTicketCollectorId]) VALUES (10, 9, NULL, N'Noel', N'Benitez', CAST(N'2020-04-20' AS Date), CAST(N'1985-08-16' AS Date), 6283, CAST(N'2021-08-04' AS Date), 2, N'85624154458267719637333282', NULL)
INSERT [dbo].[TicketCollector] ([TicketCollectorId], [CompanyId], [ControlScheduleId], [Name], [Surname], [MedicalExamValidity], [BirthDate], [LicenseNumber], [TrainingValidity], [JobStatusId], [BankAccountNumber], [ColleagueTicketCollectorId]) VALUES (11, 10, NULL, N'Zachary', N'Murray', CAST(N'2022-06-10' AS Date), CAST(N'1981-01-17' AS Date), 33345, CAST(N'2019-06-03' AS Date), 3, N'51562294580670275133211008', 6)
INSERT [dbo].[TicketCollector] ([TicketCollectorId], [CompanyId], [ControlScheduleId], [Name], [Surname], [MedicalExamValidity], [BirthDate], [LicenseNumber], [TrainingValidity], [JobStatusId], [BankAccountNumber], [ColleagueTicketCollectorId]) VALUES (12, 5, 1014790768, N'Cameron', N'Lowery', CAST(N'2021-02-16' AS Date), CAST(N'1967-09-13' AS Date), 9346, CAST(N'2024-03-31' AS Date), 4, N'14234109389596212996706714', 7)
INSERT [dbo].[TicketCollector] ([TicketCollectorId], [CompanyId], [ControlScheduleId], [Name], [Surname], [MedicalExamValidity], [BirthDate], [LicenseNumber], [TrainingValidity], [JobStatusId], [BankAccountNumber], [ColleagueTicketCollectorId]) VALUES (13, 10, 1115287164, N'Mike', N'Allen', CAST(N'2021-11-16' AS Date), CAST(N'1972-02-10' AS Date), 9401, CAST(N'2023-09-09' AS Date), 1, N'84945418935557198653699911', 8)
INSERT [dbo].[TicketCollector] ([TicketCollectorId], [CompanyId], [ControlScheduleId], [Name], [Surname], [MedicalExamValidity], [BirthDate], [LicenseNumber], [TrainingValidity], [JobStatusId], [BankAccountNumber], [ColleagueTicketCollectorId]) VALUES (14, 2, 56461044, N'Wallace', N'Gentry', CAST(N'2020-01-16' AS Date), CAST(N'1989-09-13' AS Date), 30107, CAST(N'2023-12-06' AS Date), 2, N'30842931534418838734861815', 9)
INSERT [dbo].[TicketCollector] ([TicketCollectorId], [CompanyId], [ControlScheduleId], [Name], [Surname], [MedicalExamValidity], [BirthDate], [LicenseNumber], [TrainingValidity], [JobStatusId], [BankAccountNumber], [ColleagueTicketCollectorId]) VALUES (15, 1, 470459020, N'Hector', N'Daniels', CAST(N'2022-07-10' AS Date), CAST(N'1980-04-11' AS Date), 28029, CAST(N'2024-11-18' AS Date), 3, N'18402427808251556414586017', NULL)
INSERT [dbo].[TicketCollector] ([TicketCollectorId], [CompanyId], [ControlScheduleId], [Name], [Surname], [MedicalExamValidity], [BirthDate], [LicenseNumber], [TrainingValidity], [JobStatusId], [BankAccountNumber], [ColleagueTicketCollectorId]) VALUES (16, 3, 1395416890, N'Catherine', N'Ortiz', CAST(N'2021-11-16' AS Date), CAST(N'1969-02-19' AS Date), 96779, CAST(N'2022-07-22' AS Date), 4, N'37902792302108192948330449', NULL)
INSERT [dbo].[TicketCollector] ([TicketCollectorId], [CompanyId], [ControlScheduleId], [Name], [Surname], [MedicalExamValidity], [BirthDate], [LicenseNumber], [TrainingValidity], [JobStatusId], [BankAccountNumber], [ColleagueTicketCollectorId]) VALUES (17, 5, 407778452, N'Melvin', N'Clay', CAST(N'2019-05-24' AS Date), CAST(N'1977-05-13' AS Date), 93869, CAST(N'2021-02-26' AS Date), 1, N'52239579990656915421539316', 10)
INSERT [dbo].[TicketCollector] ([TicketCollectorId], [CompanyId], [ControlScheduleId], [Name], [Surname], [MedicalExamValidity], [BirthDate], [LicenseNumber], [TrainingValidity], [JobStatusId], [BankAccountNumber], [ColleagueTicketCollectorId]) VALUES (18, 8, 1410362141, N'Linda', N'Camacho', CAST(N'2020-01-02' AS Date), CAST(N'1993-12-01' AS Date), 49052, CAST(N'2019-08-31' AS Date), 2, N'39746253916362919239231401', NULL)
INSERT [dbo].[TicketCollector] ([TicketCollectorId], [CompanyId], [ControlScheduleId], [Name], [Surname], [MedicalExamValidity], [BirthDate], [LicenseNumber], [TrainingValidity], [JobStatusId], [BankAccountNumber], [ColleagueTicketCollectorId]) VALUES (19, 8, 1502792882, N'Marshall', N'Duffy', CAST(N'2022-05-31' AS Date), CAST(N'1994-05-15' AS Date), 90720, CAST(N'2024-08-09' AS Date), 3, N'61382254925439390806952917', NULL)
INSERT [dbo].[TicketCollector] ([TicketCollectorId], [CompanyId], [ControlScheduleId], [Name], [Surname], [MedicalExamValidity], [BirthDate], [LicenseNumber], [TrainingValidity], [JobStatusId], [BankAccountNumber], [ColleagueTicketCollectorId]) VALUES (20, 2, 1675957413, N'Helen', N'Thornton', CAST(N'2021-12-10' AS Date), CAST(N'1958-10-03' AS Date), 50962, CAST(N'2024-05-19' AS Date), 4, N'79824449162410709479984069', 11)
INSERT [dbo].[TicketCollector] ([TicketCollectorId], [CompanyId], [ControlScheduleId], [Name], [Surname], [MedicalExamValidity], [BirthDate], [LicenseNumber], [TrainingValidity], [JobStatusId], [BankAccountNumber], [ColleagueTicketCollectorId]) VALUES (21, 4, 1815039038, N'Marissa', N'Nielsen', CAST(N'2022-08-03' AS Date), CAST(N'1954-06-02' AS Date), 16302, CAST(N'2020-10-10' AS Date), 1, N'80936448409099012749614244', NULL)
INSERT [dbo].[TicketCollector] ([TicketCollectorId], [CompanyId], [ControlScheduleId], [Name], [Surname], [MedicalExamValidity], [BirthDate], [LicenseNumber], [TrainingValidity], [JobStatusId], [BankAccountNumber], [ColleagueTicketCollectorId]) VALUES (22, 7, 1797235676, N'Jo', N'Manning', CAST(N'2021-08-04' AS Date), CAST(N'1994-12-31' AS Date), 13886, CAST(N'2021-04-22' AS Date), 2, N'78576405813596130947997132', 12)
INSERT [dbo].[TicketCollector] ([TicketCollectorId], [CompanyId], [ControlScheduleId], [Name], [Surname], [MedicalExamValidity], [BirthDate], [LicenseNumber], [TrainingValidity], [JobStatusId], [BankAccountNumber], [ColleagueTicketCollectorId]) VALUES (23, 6, 838639739, N'Leonard', N'Gutierrez', CAST(N'2020-01-22' AS Date), CAST(N'1973-05-23' AS Date), 60285, CAST(N'2023-08-19' AS Date), 3, N'87678267092369410914348430', NULL)
INSERT [dbo].[TicketCollector] ([TicketCollectorId], [CompanyId], [ControlScheduleId], [Name], [Surname], [MedicalExamValidity], [BirthDate], [LicenseNumber], [TrainingValidity], [JobStatusId], [BankAccountNumber], [ColleagueTicketCollectorId]) VALUES (24, 5, 1657537967, N'Larry', N'Summers', CAST(N'2022-07-25' AS Date), CAST(N'1964-04-12' AS Date), 58931, CAST(N'2024-08-19' AS Date), 4, N'87134341724423813757858611', NULL)
INSERT [dbo].[TicketCollector] ([TicketCollectorId], [CompanyId], [ControlScheduleId], [Name], [Surname], [MedicalExamValidity], [BirthDate], [LicenseNumber], [TrainingValidity], [JobStatusId], [BankAccountNumber], [ColleagueTicketCollectorId]) VALUES (25, 4, 1231793670, N'Mason', N'York', CAST(N'2021-10-12' AS Date), CAST(N'1990-04-09' AS Date), 89093, CAST(N'2024-12-07' AS Date), 1, N'63923867085701769658042467', NULL)
INSERT [dbo].[TicketCollector] ([TicketCollectorId], [CompanyId], [ControlScheduleId], [Name], [Surname], [MedicalExamValidity], [BirthDate], [LicenseNumber], [TrainingValidity], [JobStatusId], [BankAccountNumber], [ColleagueTicketCollectorId]) VALUES (26, 6, 1070879145, N'Tammi', N'Hubbard', CAST(N'2019-04-24' AS Date), CAST(N'1986-11-24' AS Date), 36439, CAST(N'2019-01-17' AS Date), 2, N'72942368880066582795609806', NULL)
INSERT [dbo].[TicketCollector] ([TicketCollectorId], [CompanyId], [ControlScheduleId], [Name], [Surname], [MedicalExamValidity], [BirthDate], [LicenseNumber], [TrainingValidity], [JobStatusId], [BankAccountNumber], [ColleagueTicketCollectorId]) VALUES (27, 6, 1958877084, N'Natalie', N'Rose', CAST(N'2019-02-11' AS Date), CAST(N'1994-09-25' AS Date), 74763, CAST(N'2022-08-24' AS Date), 3, N'61045559504344297959256066', 13)
INSERT [dbo].[TicketCollector] ([TicketCollectorId], [CompanyId], [ControlScheduleId], [Name], [Surname], [MedicalExamValidity], [BirthDate], [LicenseNumber], [TrainingValidity], [JobStatusId], [BankAccountNumber], [ColleagueTicketCollectorId]) VALUES (28, 7, 1627419858, N'Bradford', N'Cain', CAST(N'2019-07-17' AS Date), CAST(N'1988-06-29' AS Date), 37473, CAST(N'2024-12-19' AS Date), 4, N'66304619773440607845131195', NULL)
INSERT [dbo].[TicketCollector] ([TicketCollectorId], [CompanyId], [ControlScheduleId], [Name], [Surname], [MedicalExamValidity], [BirthDate], [LicenseNumber], [TrainingValidity], [JobStatusId], [BankAccountNumber], [ColleagueTicketCollectorId]) VALUES (29, 8, 1809426703, N'Katina', N'Wilcox', CAST(N'2022-04-16' AS Date), CAST(N'1957-08-24' AS Date), 37506, CAST(N'2022-11-28' AS Date), 1, N'91508939219072451440854812', 14)
INSERT [dbo].[TicketCollector] ([TicketCollectorId], [CompanyId], [ControlScheduleId], [Name], [Surname], [MedicalExamValidity], [BirthDate], [LicenseNumber], [TrainingValidity], [JobStatusId], [BankAccountNumber], [ColleagueTicketCollectorId]) VALUES (30, 8, 860942514, N'Damion', N'Bryant', CAST(N'2022-09-14' AS Date), CAST(N'1987-05-08' AS Date), 53617, CAST(N'2021-01-18' AS Date), 2, N'12511991716551148886368974', NULL)
INSERT [dbo].[TicketCollector] ([TicketCollectorId], [CompanyId], [ControlScheduleId], [Name], [Surname], [MedicalExamValidity], [BirthDate], [LicenseNumber], [TrainingValidity], [JobStatusId], [BankAccountNumber], [ColleagueTicketCollectorId]) VALUES (31, 9, 318835117, N'Alfredo', N'Werner', CAST(N'2020-03-12' AS Date), CAST(N'1984-05-29' AS Date), 3743, CAST(N'2021-06-10' AS Date), 3, N'73678582679818173489871503', NULL)
INSERT [dbo].[TicketCollector] ([TicketCollectorId], [CompanyId], [ControlScheduleId], [Name], [Surname], [MedicalExamValidity], [BirthDate], [LicenseNumber], [TrainingValidity], [JobStatusId], [BankAccountNumber], [ColleagueTicketCollectorId]) VALUES (32, 9, 963810042, N'Wesley', N'Gates', CAST(N'2022-06-25' AS Date), CAST(N'1959-04-18' AS Date), 39728, CAST(N'2022-12-19' AS Date), 4, N'74354741804807946807829448', 15)
INSERT [dbo].[TicketCollector] ([TicketCollectorId], [CompanyId], [ControlScheduleId], [Name], [Surname], [MedicalExamValidity], [BirthDate], [LicenseNumber], [TrainingValidity], [JobStatusId], [BankAccountNumber], [ColleagueTicketCollectorId]) VALUES (33, 2, 594190062, N'Jerry', N'Holt', CAST(N'2021-12-06' AS Date), CAST(N'1959-04-29' AS Date), 53663, CAST(N'2024-08-19' AS Date), 1, N'50216590722516626868292470', NULL)
INSERT [dbo].[TicketCollector] ([TicketCollectorId], [CompanyId], [ControlScheduleId], [Name], [Surname], [MedicalExamValidity], [BirthDate], [LicenseNumber], [TrainingValidity], [JobStatusId], [BankAccountNumber], [ColleagueTicketCollectorId]) VALUES (34, 8, 2134591784, N'Jared', N'Villa', CAST(N'2022-04-13' AS Date), CAST(N'1992-09-22' AS Date), 87026, CAST(N'2024-05-16' AS Date), 2, N'75590618059720612438019267', 16)
INSERT [dbo].[TicketCollector] ([TicketCollectorId], [CompanyId], [ControlScheduleId], [Name], [Surname], [MedicalExamValidity], [BirthDate], [LicenseNumber], [TrainingValidity], [JobStatusId], [BankAccountNumber], [ColleagueTicketCollectorId]) VALUES (35, 10, 1093875184, N'Shelly', N'Odom', CAST(N'2020-03-15' AS Date), CAST(N'1983-07-24' AS Date), 99932, CAST(N'2021-02-02' AS Date), 3, N'36873692513199867604857993', NULL)
INSERT [dbo].[TicketCollector] ([TicketCollectorId], [CompanyId], [ControlScheduleId], [Name], [Surname], [MedicalExamValidity], [BirthDate], [LicenseNumber], [TrainingValidity], [JobStatusId], [BankAccountNumber], [ColleagueTicketCollectorId]) VALUES (36, 5, 411312065, N'Kristin', N'Bruce', CAST(N'2021-07-04' AS Date), CAST(N'1984-06-27' AS Date), 71323, CAST(N'2023-07-17' AS Date), 4, N'45622268218502700834925155', NULL)
INSERT [dbo].[TicketCollector] ([TicketCollectorId], [CompanyId], [ControlScheduleId], [Name], [Surname], [MedicalExamValidity], [BirthDate], [LicenseNumber], [TrainingValidity], [JobStatusId], [BankAccountNumber], [ColleagueTicketCollectorId]) VALUES (37, 5, 172317845, N'Kevin', N'Duke', CAST(N'2022-02-13' AS Date), CAST(N'1981-08-04' AS Date), 43667, CAST(N'2020-08-03' AS Date), 1, N'17897055689182064819205716', NULL)
INSERT [dbo].[TicketCollector] ([TicketCollectorId], [CompanyId], [ControlScheduleId], [Name], [Surname], [MedicalExamValidity], [BirthDate], [LicenseNumber], [TrainingValidity], [JobStatusId], [BankAccountNumber], [ColleagueTicketCollectorId]) VALUES (38, 1, NULL, N'Alana', N'Powell', CAST(N'2022-02-01' AS Date), CAST(N'1974-04-26' AS Date), 13503, CAST(N'2023-11-25' AS Date), 2, N'12046795132055701174296034', 17)
INSERT [dbo].[TicketCollector] ([TicketCollectorId], [CompanyId], [ControlScheduleId], [Name], [Surname], [MedicalExamValidity], [BirthDate], [LicenseNumber], [TrainingValidity], [JobStatusId], [BankAccountNumber], [ColleagueTicketCollectorId]) VALUES (39, 1, 1129600562, N'Erich', N'Conley', CAST(N'2021-12-07' AS Date), CAST(N'1995-07-04' AS Date), 7559, CAST(N'2020-06-25' AS Date), 3, N'10217114264238682275449364', NULL)
INSERT [dbo].[TicketCollector] ([TicketCollectorId], [CompanyId], [ControlScheduleId], [Name], [Surname], [MedicalExamValidity], [BirthDate], [LicenseNumber], [TrainingValidity], [JobStatusId], [BankAccountNumber], [ColleagueTicketCollectorId]) VALUES (40, 6, 1599691321, N'Barry', N'Salazar', CAST(N'2022-03-27' AS Date), CAST(N'1970-09-16' AS Date), 94454, CAST(N'2022-01-28' AS Date), 4, N'62691118591493044783550385', NULL)
INSERT [dbo].[TicketCollector] ([TicketCollectorId], [CompanyId], [ControlScheduleId], [Name], [Surname], [MedicalExamValidity], [BirthDate], [LicenseNumber], [TrainingValidity], [JobStatusId], [BankAccountNumber], [ColleagueTicketCollectorId]) VALUES (41, 2, NULL, N'Stephen', N'Avila', CAST(N'2019-10-02' AS Date), CAST(N'1997-12-04' AS Date), 72354, CAST(N'2021-12-12' AS Date), 1, N'16085394267302018177240557', NULL)
INSERT [dbo].[TicketCollector] ([TicketCollectorId], [CompanyId], [ControlScheduleId], [Name], [Surname], [MedicalExamValidity], [BirthDate], [LicenseNumber], [TrainingValidity], [JobStatusId], [BankAccountNumber], [ColleagueTicketCollectorId]) VALUES (42, 5, 544233506, N'Evelyn', N'Bowman', CAST(N'2021-03-09' AS Date), CAST(N'1991-09-27' AS Date), 10201, CAST(N'2021-04-12' AS Date), 2, N'51120520240610888738153121', NULL)
INSERT [dbo].[TicketCollector] ([TicketCollectorId], [CompanyId], [ControlScheduleId], [Name], [Surname], [MedicalExamValidity], [BirthDate], [LicenseNumber], [TrainingValidity], [JobStatusId], [BankAccountNumber], [ColleagueTicketCollectorId]) VALUES (43, 9, 1066317553, N'Frederick', N'Decker', CAST(N'2019-07-05' AS Date), CAST(N'1985-11-15' AS Date), 27152, CAST(N'2024-01-24' AS Date), 3, N'67653723313687287845735182', 18)
INSERT [dbo].[TicketCollector] ([TicketCollectorId], [CompanyId], [ControlScheduleId], [Name], [Surname], [MedicalExamValidity], [BirthDate], [LicenseNumber], [TrainingValidity], [JobStatusId], [BankAccountNumber], [ColleagueTicketCollectorId]) VALUES (44, 6, NULL, N'Bryce', N'Hanna', CAST(N'2022-12-30' AS Date), CAST(N'1958-04-07' AS Date), 22516, CAST(N'2021-01-11' AS Date), 4, N'90890975368788656415197537', 19)
INSERT [dbo].[TicketCollector] ([TicketCollectorId], [CompanyId], [ControlScheduleId], [Name], [Surname], [MedicalExamValidity], [BirthDate], [LicenseNumber], [TrainingValidity], [JobStatusId], [BankAccountNumber], [ColleagueTicketCollectorId]) VALUES (45, 7, 633334845, N'Ernest', N'Gilbert', CAST(N'2022-01-31' AS Date), CAST(N'1967-01-03' AS Date), 82523, CAST(N'2021-02-11' AS Date), 1, N'03147083341360182805707877', NULL)
INSERT [dbo].[TicketCollector] ([TicketCollectorId], [CompanyId], [ControlScheduleId], [Name], [Surname], [MedicalExamValidity], [BirthDate], [LicenseNumber], [TrainingValidity], [JobStatusId], [BankAccountNumber], [ColleagueTicketCollectorId]) VALUES (46, 2, 1562357097, N'Heidi', N'Rocha', CAST(N'2021-07-02' AS Date), CAST(N'1976-10-07' AS Date), 38631, CAST(N'2020-08-08' AS Date), 2, N'70325247211160530504590463', 20)
INSERT [dbo].[TicketCollector] ([TicketCollectorId], [CompanyId], [ControlScheduleId], [Name], [Surname], [MedicalExamValidity], [BirthDate], [LicenseNumber], [TrainingValidity], [JobStatusId], [BankAccountNumber], [ColleagueTicketCollectorId]) VALUES (47, 4, 471005565, N'Jeffery', N'Mc Gee', CAST(N'2021-12-24' AS Date), CAST(N'1956-12-30' AS Date), 42524, CAST(N'2023-08-05' AS Date), 3, N'89526041292612396073526737', 21)
INSERT [dbo].[TicketCollector] ([TicketCollectorId], [CompanyId], [ControlScheduleId], [Name], [Surname], [MedicalExamValidity], [BirthDate], [LicenseNumber], [TrainingValidity], [JobStatusId], [BankAccountNumber], [ColleagueTicketCollectorId]) VALUES (48, 8, 226621148, N'Kurt', N'Bentley', CAST(N'2022-04-25' AS Date), CAST(N'1992-09-07' AS Date), 86000, CAST(N'2024-04-03' AS Date), 4, N'17085295769412824888210349', NULL)
INSERT [dbo].[TicketCollector] ([TicketCollectorId], [CompanyId], [ControlScheduleId], [Name], [Surname], [MedicalExamValidity], [BirthDate], [LicenseNumber], [TrainingValidity], [JobStatusId], [BankAccountNumber], [ColleagueTicketCollectorId]) VALUES (49, 6, 1900649767, N'Ana', N'Hurley', CAST(N'2022-08-13' AS Date), CAST(N'1953-01-26' AS Date), 9919, CAST(N'2020-03-07' AS Date), 1, N'76388972421641652755169285', 22)
INSERT [dbo].[TicketCollector] ([TicketCollectorId], [CompanyId], [ControlScheduleId], [Name], [Surname], [MedicalExamValidity], [BirthDate], [LicenseNumber], [TrainingValidity], [JobStatusId], [BankAccountNumber], [ColleagueTicketCollectorId]) VALUES (50, 8, 1530915599, N'Olivia', N'Freeman', CAST(N'2020-02-02' AS Date), CAST(N'1972-01-04' AS Date), 53655, CAST(N'2023-01-05' AS Date), 2, N'09663522947053949214656859', NULL)
INSERT [dbo].[TicketCollector] ([TicketCollectorId], [CompanyId], [ControlScheduleId], [Name], [Surname], [MedicalExamValidity], [BirthDate], [LicenseNumber], [TrainingValidity], [JobStatusId], [BankAccountNumber], [ColleagueTicketCollectorId]) VALUES (51, 3, 882158215, N'Candice', N'Golden', CAST(N'2022-01-22' AS Date), CAST(N'1994-05-27' AS Date), 99702, CAST(N'2019-09-06' AS Date), 3, N'80600317275711970460212097', 23)
INSERT [dbo].[TicketCollector] ([TicketCollectorId], [CompanyId], [ControlScheduleId], [Name], [Surname], [MedicalExamValidity], [BirthDate], [LicenseNumber], [TrainingValidity], [JobStatusId], [BankAccountNumber], [ColleagueTicketCollectorId]) VALUES (52, 8, 1415914843, N'Devin', N'Henry', CAST(N'2021-05-16' AS Date), CAST(N'1955-01-22' AS Date), 49449, CAST(N'2024-09-02' AS Date), 4, N'15380414224774666350277539', 24)
INSERT [dbo].[TicketCollector] ([TicketCollectorId], [CompanyId], [ControlScheduleId], [Name], [Surname], [MedicalExamValidity], [BirthDate], [LicenseNumber], [TrainingValidity], [JobStatusId], [BankAccountNumber], [ColleagueTicketCollectorId]) VALUES (53, 8, 405997508, N'Dean', N'Levine', CAST(N'2021-08-09' AS Date), CAST(N'1970-10-13' AS Date), 10510, CAST(N'2023-12-29' AS Date), 1, N'26750229299429674679654564', NULL)
INSERT [dbo].[TicketCollector] ([TicketCollectorId], [CompanyId], [ControlScheduleId], [Name], [Surname], [MedicalExamValidity], [BirthDate], [LicenseNumber], [TrainingValidity], [JobStatusId], [BankAccountNumber], [ColleagueTicketCollectorId]) VALUES (54, 1, 2111209499, N'Beverly', N'Callahan', CAST(N'2022-04-14' AS Date), CAST(N'1954-03-03' AS Date), 22856, CAST(N'2021-08-05' AS Date), 2, N'83774159847344446782060395', 25)
INSERT [dbo].[TicketCollector] ([TicketCollectorId], [CompanyId], [ControlScheduleId], [Name], [Surname], [MedicalExamValidity], [BirthDate], [LicenseNumber], [TrainingValidity], [JobStatusId], [BankAccountNumber], [ColleagueTicketCollectorId]) VALUES (55, 7, 1555053123, N'Carlton', N'Austin', CAST(N'2020-10-08' AS Date), CAST(N'1983-03-15' AS Date), 84274, CAST(N'2019-04-05' AS Date), 3, N'26119654542436982732511787', NULL)
INSERT [dbo].[TicketCollector] ([TicketCollectorId], [CompanyId], [ControlScheduleId], [Name], [Surname], [MedicalExamValidity], [BirthDate], [LicenseNumber], [TrainingValidity], [JobStatusId], [BankAccountNumber], [ColleagueTicketCollectorId]) VALUES (56, 4, 1678633942, N'Reginald', N'Hunt', CAST(N'2020-09-27' AS Date), CAST(N'1986-06-18' AS Date), 98901, CAST(N'2020-08-06' AS Date), 4, N'61348823362769989425617755', NULL)
INSERT [dbo].[TicketCollector] ([TicketCollectorId], [CompanyId], [ControlScheduleId], [Name], [Surname], [MedicalExamValidity], [BirthDate], [LicenseNumber], [TrainingValidity], [JobStatusId], [BankAccountNumber], [ColleagueTicketCollectorId]) VALUES (57, 8, 1311511784, N'Vicki', N'Bryant', CAST(N'2019-12-23' AS Date), CAST(N'1970-04-30' AS Date), 49306, CAST(N'2022-09-15' AS Date), 1, N'41543149229450362096253136', NULL)
INSERT [dbo].[TicketCollector] ([TicketCollectorId], [CompanyId], [ControlScheduleId], [Name], [Surname], [MedicalExamValidity], [BirthDate], [LicenseNumber], [TrainingValidity], [JobStatusId], [BankAccountNumber], [ColleagueTicketCollectorId]) VALUES (58, 4, 1880562786, N'Everett', N'Cortez', CAST(N'2021-11-15' AS Date), CAST(N'1956-03-11' AS Date), 41755, CAST(N'2023-08-09' AS Date), 2, N'55368258182961076906524566', NULL)
INSERT [dbo].[TicketCollector] ([TicketCollectorId], [CompanyId], [ControlScheduleId], [Name], [Surname], [MedicalExamValidity], [BirthDate], [LicenseNumber], [TrainingValidity], [JobStatusId], [BankAccountNumber], [ColleagueTicketCollectorId]) VALUES (59, 5, 893637012, N'Drew', N'Howe', CAST(N'2022-07-23' AS Date), CAST(N'1953-03-24' AS Date), 12026, CAST(N'2020-05-31' AS Date), 3, N'08730689385110218912528712', 26)
INSERT [dbo].[TicketCollector] ([TicketCollectorId], [CompanyId], [ControlScheduleId], [Name], [Surname], [MedicalExamValidity], [BirthDate], [LicenseNumber], [TrainingValidity], [JobStatusId], [BankAccountNumber], [ColleagueTicketCollectorId]) VALUES (60, 5, 517507367, N'Everett', N'Landry', CAST(N'2021-07-17' AS Date), CAST(N'1973-11-06' AS Date), 25183, CAST(N'2019-05-12' AS Date), 4, N'72089244944127268089620655', 27)
INSERT [dbo].[TicketCollector] ([TicketCollectorId], [CompanyId], [ControlScheduleId], [Name], [Surname], [MedicalExamValidity], [BirthDate], [LicenseNumber], [TrainingValidity], [JobStatusId], [BankAccountNumber], [ColleagueTicketCollectorId]) VALUES (61, 10, 1012131242, N'Olga', N'Forbes', CAST(N'2022-12-31' AS Date), CAST(N'1953-08-27' AS Date), 2802, CAST(N'2019-04-03' AS Date), 1, N'38002871630687537388425972', NULL)
INSERT [dbo].[TicketCollector] ([TicketCollectorId], [CompanyId], [ControlScheduleId], [Name], [Surname], [MedicalExamValidity], [BirthDate], [LicenseNumber], [TrainingValidity], [JobStatusId], [BankAccountNumber], [ColleagueTicketCollectorId]) VALUES (62, 4, NULL, N'Yolanda', N'Finley', CAST(N'2021-09-22' AS Date), CAST(N'1976-12-15' AS Date), 33810, CAST(N'2020-01-01' AS Date), 2, N'24242390684134653730219327', 28)
INSERT [dbo].[TicketCollector] ([TicketCollectorId], [CompanyId], [ControlScheduleId], [Name], [Surname], [MedicalExamValidity], [BirthDate], [LicenseNumber], [TrainingValidity], [JobStatusId], [BankAccountNumber], [ColleagueTicketCollectorId]) VALUES (63, 3, 450815187, N'Micheal', N'Kaiser', CAST(N'2019-10-22' AS Date), CAST(N'1973-01-30' AS Date), 65270, CAST(N'2024-04-08' AS Date), 3, N'80202945649828684215487223', NULL)
INSERT [dbo].[TicketCollector] ([TicketCollectorId], [CompanyId], [ControlScheduleId], [Name], [Surname], [MedicalExamValidity], [BirthDate], [LicenseNumber], [TrainingValidity], [JobStatusId], [BankAccountNumber], [ColleagueTicketCollectorId]) VALUES (64, 2, 1807316564, N'Eddie', N'Hunter', CAST(N'2020-11-20' AS Date), CAST(N'1990-02-23' AS Date), 10871, CAST(N'2021-07-25' AS Date), 4, N'10581560947128991391152400', NULL)
INSERT [dbo].[TicketCollector] ([TicketCollectorId], [CompanyId], [ControlScheduleId], [Name], [Surname], [MedicalExamValidity], [BirthDate], [LicenseNumber], [TrainingValidity], [JobStatusId], [BankAccountNumber], [ColleagueTicketCollectorId]) VALUES (65, 1, 1296162679, N'Thomas', N'Robinson', CAST(N'2019-02-08' AS Date), CAST(N'1954-03-20' AS Date), 2541, CAST(N'2019-02-24' AS Date), 1, N'30398973415726874619749582', NULL)
INSERT [dbo].[TicketCollector] ([TicketCollectorId], [CompanyId], [ControlScheduleId], [Name], [Surname], [MedicalExamValidity], [BirthDate], [LicenseNumber], [TrainingValidity], [JobStatusId], [BankAccountNumber], [ColleagueTicketCollectorId]) VALUES (66, 1, 1870430457, N'Gerald', N'Cain', CAST(N'2022-12-16' AS Date), CAST(N'1974-10-03' AS Date), 93616, CAST(N'2021-06-16' AS Date), 2, N'06707032054924458566437889', 29)
INSERT [dbo].[TicketCollector] ([TicketCollectorId], [CompanyId], [ControlScheduleId], [Name], [Surname], [MedicalExamValidity], [BirthDate], [LicenseNumber], [TrainingValidity], [JobStatusId], [BankAccountNumber], [ColleagueTicketCollectorId]) VALUES (67, 3, 1437384778, N'Gerald', N'Avila', CAST(N'2022-03-14' AS Date), CAST(N'1961-05-18' AS Date), 55683, CAST(N'2024-08-12' AS Date), 3, N'48171577760879372069529002', NULL)
INSERT [dbo].[TicketCollector] ([TicketCollectorId], [CompanyId], [ControlScheduleId], [Name], [Surname], [MedicalExamValidity], [BirthDate], [LicenseNumber], [TrainingValidity], [JobStatusId], [BankAccountNumber], [ColleagueTicketCollectorId]) VALUES (68, 3, 1166225119, N'Bridgette', N'Franklin', CAST(N'2022-08-06' AS Date), CAST(N'1979-05-21' AS Date), 22374, CAST(N'2024-04-26' AS Date), 4, N'76892898497244678778706581', 30)
INSERT [dbo].[TicketCollector] ([TicketCollectorId], [CompanyId], [ControlScheduleId], [Name], [Surname], [MedicalExamValidity], [BirthDate], [LicenseNumber], [TrainingValidity], [JobStatusId], [BankAccountNumber], [ColleagueTicketCollectorId]) VALUES (69, 3, 451654685, N'Cedric', N'Velazquez', CAST(N'2022-11-02' AS Date), CAST(N'1959-02-22' AS Date), 30175, CAST(N'2021-11-02' AS Date), 1, N'52907899087707097472485033', NULL)
INSERT [dbo].[TicketCollector] ([TicketCollectorId], [CompanyId], [ControlScheduleId], [Name], [Surname], [MedicalExamValidity], [BirthDate], [LicenseNumber], [TrainingValidity], [JobStatusId], [BankAccountNumber], [ColleagueTicketCollectorId]) VALUES (70, 7, 2055892792, N'Gregg', N'Christian', CAST(N'2020-01-06' AS Date), CAST(N'1995-10-17' AS Date), 56705, CAST(N'2020-05-05' AS Date), 2, N'86031174659034468107161800', NULL)
INSERT [dbo].[TicketCollector] ([TicketCollectorId], [CompanyId], [ControlScheduleId], [Name], [Surname], [MedicalExamValidity], [BirthDate], [LicenseNumber], [TrainingValidity], [JobStatusId], [BankAccountNumber], [ColleagueTicketCollectorId]) VALUES (71, 8, 420600707, N'Marie', N'Henry', CAST(N'2022-10-03' AS Date), CAST(N'1987-07-19' AS Date), 53113, CAST(N'2020-12-18' AS Date), 3, N'56686350295552344843802792', NULL)
INSERT [dbo].[TicketCollector] ([TicketCollectorId], [CompanyId], [ControlScheduleId], [Name], [Surname], [MedicalExamValidity], [BirthDate], [LicenseNumber], [TrainingValidity], [JobStatusId], [BankAccountNumber], [ColleagueTicketCollectorId]) VALUES (72, 4, 1128179028, N'Eileen', N'Boone', CAST(N'2020-04-21' AS Date), CAST(N'1956-01-18' AS Date), 80367, CAST(N'2022-04-04' AS Date), 4, N'22522031797268316254472705', 31)
INSERT [dbo].[TicketCollector] ([TicketCollectorId], [CompanyId], [ControlScheduleId], [Name], [Surname], [MedicalExamValidity], [BirthDate], [LicenseNumber], [TrainingValidity], [JobStatusId], [BankAccountNumber], [ColleagueTicketCollectorId]) VALUES (73, 8, 1110069508, N'Erica', N'Kelly', CAST(N'2021-01-25' AS Date), CAST(N'1998-05-31' AS Date), 41493, CAST(N'2024-03-08' AS Date), 1, N'95499372876251054658448543', 32)
INSERT [dbo].[TicketCollector] ([TicketCollectorId], [CompanyId], [ControlScheduleId], [Name], [Surname], [MedicalExamValidity], [BirthDate], [LicenseNumber], [TrainingValidity], [JobStatusId], [BankAccountNumber], [ColleagueTicketCollectorId]) VALUES (74, 3, 59146956, N'Krystal', N'Singleton', CAST(N'2019-03-06' AS Date), CAST(N'1976-08-29' AS Date), 96265, CAST(N'2021-07-13' AS Date), 2, N'15082723539888654999241704', NULL)
INSERT [dbo].[TicketCollector] ([TicketCollectorId], [CompanyId], [ControlScheduleId], [Name], [Surname], [MedicalExamValidity], [BirthDate], [LicenseNumber], [TrainingValidity], [JobStatusId], [BankAccountNumber], [ColleagueTicketCollectorId]) VALUES (75, 1, 1223099046, N'Brandi', N'Spence', CAST(N'2021-03-10' AS Date), CAST(N'1960-10-30' AS Date), 78608, CAST(N'2021-06-08' AS Date), 3, N'25785556788452842587079354', NULL)
INSERT [dbo].[TicketCollector] ([TicketCollectorId], [CompanyId], [ControlScheduleId], [Name], [Surname], [MedicalExamValidity], [BirthDate], [LicenseNumber], [TrainingValidity], [JobStatusId], [BankAccountNumber], [ColleagueTicketCollectorId]) VALUES (76, 10, 1425661538, N'Fernando', N'Owen', CAST(N'2020-05-27' AS Date), CAST(N'1962-09-06' AS Date), 6102, CAST(N'2024-07-01' AS Date), 4, N'57328809884423296554749811', 33)
INSERT [dbo].[TicketCollector] ([TicketCollectorId], [CompanyId], [ControlScheduleId], [Name], [Surname], [MedicalExamValidity], [BirthDate], [LicenseNumber], [TrainingValidity], [JobStatusId], [BankAccountNumber], [ColleagueTicketCollectorId]) VALUES (77, 9, NULL, N'Sandra', N'Farley', CAST(N'2021-01-31' AS Date), CAST(N'1962-02-15' AS Date), 86733, CAST(N'2022-03-30' AS Date), 1, N'65632029935065206706378270', NULL)
INSERT [dbo].[TicketCollector] ([TicketCollectorId], [CompanyId], [ControlScheduleId], [Name], [Surname], [MedicalExamValidity], [BirthDate], [LicenseNumber], [TrainingValidity], [JobStatusId], [BankAccountNumber], [ColleagueTicketCollectorId]) VALUES (78, 1, 1958154468, N'Paige', N'Riley', CAST(N'2020-01-24' AS Date), CAST(N'1968-02-17' AS Date), 37770, CAST(N'2021-08-08' AS Date), 2, N'61741603414240336159944310', 34)
INSERT [dbo].[TicketCollector] ([TicketCollectorId], [CompanyId], [ControlScheduleId], [Name], [Surname], [MedicalExamValidity], [BirthDate], [LicenseNumber], [TrainingValidity], [JobStatusId], [BankAccountNumber], [ColleagueTicketCollectorId]) VALUES (79, 9, NULL, N'Jana', N'Wade', CAST(N'2019-06-25' AS Date), CAST(N'1997-04-10' AS Date), 76407, CAST(N'2022-07-08' AS Date), 3, N'39645295818445188156504102', 35)
INSERT [dbo].[TicketCollector] ([TicketCollectorId], [CompanyId], [ControlScheduleId], [Name], [Surname], [MedicalExamValidity], [BirthDate], [LicenseNumber], [TrainingValidity], [JobStatusId], [BankAccountNumber], [ColleagueTicketCollectorId]) VALUES (80, 3, 958559377, N'Jerome', N'Finley', CAST(N'2019-04-13' AS Date), CAST(N'1966-07-03' AS Date), 50463, CAST(N'2023-05-02' AS Date), 4, N'12643007486894441770476515', 36)
INSERT [dbo].[TicketCollector] ([TicketCollectorId], [CompanyId], [ControlScheduleId], [Name], [Surname], [MedicalExamValidity], [BirthDate], [LicenseNumber], [TrainingValidity], [JobStatusId], [BankAccountNumber], [ColleagueTicketCollectorId]) VALUES (81, 2, 609639861, N'Karrie', N'Young', CAST(N'2020-05-01' AS Date), CAST(N'1982-11-26' AS Date), 93915, CAST(N'2020-06-14' AS Date), 1, N'92443217317533779126116243', NULL)
INSERT [dbo].[TicketCollector] ([TicketCollectorId], [CompanyId], [ControlScheduleId], [Name], [Surname], [MedicalExamValidity], [BirthDate], [LicenseNumber], [TrainingValidity], [JobStatusId], [BankAccountNumber], [ColleagueTicketCollectorId]) VALUES (82, 9, 1181704194, N'Grace', N'Page', CAST(N'2019-10-19' AS Date), CAST(N'1955-01-18' AS Date), 88763, CAST(N'2023-05-23' AS Date), 2, N'64612861593358602413769638', NULL)
INSERT [dbo].[TicketCollector] ([TicketCollectorId], [CompanyId], [ControlScheduleId], [Name], [Surname], [MedicalExamValidity], [BirthDate], [LicenseNumber], [TrainingValidity], [JobStatusId], [BankAccountNumber], [ColleagueTicketCollectorId]) VALUES (83, 2, 234878580, N'Jess', N'Santana', CAST(N'2019-12-05' AS Date), CAST(N'1988-06-03' AS Date), 27554, CAST(N'2023-10-15' AS Date), 3, N'27620014370477128687740372', 37)
INSERT [dbo].[TicketCollector] ([TicketCollectorId], [CompanyId], [ControlScheduleId], [Name], [Surname], [MedicalExamValidity], [BirthDate], [LicenseNumber], [TrainingValidity], [JobStatusId], [BankAccountNumber], [ColleagueTicketCollectorId]) VALUES (84, 10, 367634175, N'Elisa', N'Francis', CAST(N'2021-03-15' AS Date), CAST(N'1985-08-22' AS Date), 83851, CAST(N'2024-11-23' AS Date), 4, N'40407383387234433204554195', 38)
INSERT [dbo].[TicketCollector] ([TicketCollectorId], [CompanyId], [ControlScheduleId], [Name], [Surname], [MedicalExamValidity], [BirthDate], [LicenseNumber], [TrainingValidity], [JobStatusId], [BankAccountNumber], [ColleagueTicketCollectorId]) VALUES (85, 5, 1430916820, N'Cynthia', N'Cobb', CAST(N'2019-08-23' AS Date), CAST(N'1992-12-13' AS Date), 53914, CAST(N'2020-05-15' AS Date), 1, N'17724796497308383135231717', NULL)
INSERT [dbo].[TicketCollector] ([TicketCollectorId], [CompanyId], [ControlScheduleId], [Name], [Surname], [MedicalExamValidity], [BirthDate], [LicenseNumber], [TrainingValidity], [JobStatusId], [BankAccountNumber], [ColleagueTicketCollectorId]) VALUES (86, 1, NULL, N'Amber', N'Galvan', CAST(N'2021-10-28' AS Date), CAST(N'1982-05-09' AS Date), 54293, CAST(N'2021-10-08' AS Date), 2, N'48630227666353704599627005', NULL)
INSERT [dbo].[TicketCollector] ([TicketCollectorId], [CompanyId], [ControlScheduleId], [Name], [Surname], [MedicalExamValidity], [BirthDate], [LicenseNumber], [TrainingValidity], [JobStatusId], [BankAccountNumber], [ColleagueTicketCollectorId]) VALUES (87, 1, 1478627551, N'Cari', N'Preston', CAST(N'2019-11-16' AS Date), CAST(N'1988-07-06' AS Date), 29218, CAST(N'2023-12-22' AS Date), 3, N'98591694885618172778142712', NULL)
INSERT [dbo].[TicketCollector] ([TicketCollectorId], [CompanyId], [ControlScheduleId], [Name], [Surname], [MedicalExamValidity], [BirthDate], [LicenseNumber], [TrainingValidity], [JobStatusId], [BankAccountNumber], [ColleagueTicketCollectorId]) VALUES (88, 2, 1687447194, N'Sonja', N'Barrera', CAST(N'2022-08-24' AS Date), CAST(N'1958-02-26' AS Date), 30807, CAST(N'2022-01-15' AS Date), 4, N'12153522806566892898155532', 39)
INSERT [dbo].[TicketCollector] ([TicketCollectorId], [CompanyId], [ControlScheduleId], [Name], [Surname], [MedicalExamValidity], [BirthDate], [LicenseNumber], [TrainingValidity], [JobStatusId], [BankAccountNumber], [ColleagueTicketCollectorId]) VALUES (89, 1, 1076718870, N'Nancy', N'Rivas', CAST(N'2020-07-06' AS Date), CAST(N'1962-07-12' AS Date), 2753, CAST(N'2024-02-12' AS Date), 1, N'75688887272218526521134082', 40)
INSERT [dbo].[TicketCollector] ([TicketCollectorId], [CompanyId], [ControlScheduleId], [Name], [Surname], [MedicalExamValidity], [BirthDate], [LicenseNumber], [TrainingValidity], [JobStatusId], [BankAccountNumber], [ColleagueTicketCollectorId]) VALUES (90, 6, 211505016, N'Martin', N'Peck', CAST(N'2022-06-19' AS Date), CAST(N'1997-02-05' AS Date), 1031, CAST(N'2019-06-30' AS Date), 2, N'66762174722867862967952891', NULL)
INSERT [dbo].[TicketCollector] ([TicketCollectorId], [CompanyId], [ControlScheduleId], [Name], [Surname], [MedicalExamValidity], [BirthDate], [LicenseNumber], [TrainingValidity], [JobStatusId], [BankAccountNumber], [ColleagueTicketCollectorId]) VALUES (91, 8, NULL, N'Whitney', N'Patton', CAST(N'2020-07-12' AS Date), CAST(N'1967-02-28' AS Date), 22018, CAST(N'2019-11-01' AS Date), 3, N'54059542141013480465337102', NULL)
INSERT [dbo].[TicketCollector] ([TicketCollectorId], [CompanyId], [ControlScheduleId], [Name], [Surname], [MedicalExamValidity], [BirthDate], [LicenseNumber], [TrainingValidity], [JobStatusId], [BankAccountNumber], [ColleagueTicketCollectorId]) VALUES (92, 2, 1403429196, N'Maribel', N'Bruce', CAST(N'2019-04-01' AS Date), CAST(N'1978-05-27' AS Date), 1913, CAST(N'2021-12-27' AS Date), 4, N'50386102966222571195447142', 41)
INSERT [dbo].[TicketCollector] ([TicketCollectorId], [CompanyId], [ControlScheduleId], [Name], [Surname], [MedicalExamValidity], [BirthDate], [LicenseNumber], [TrainingValidity], [JobStatusId], [BankAccountNumber], [ColleagueTicketCollectorId]) VALUES (93, 7, 897216663, N'Micheal', N'Maldonado', CAST(N'2022-07-13' AS Date), CAST(N'1974-02-02' AS Date), 1478, CAST(N'2022-06-27' AS Date), 1, N'72694718176481042314275600', NULL)
INSERT [dbo].[TicketCollector] ([TicketCollectorId], [CompanyId], [ControlScheduleId], [Name], [Surname], [MedicalExamValidity], [BirthDate], [LicenseNumber], [TrainingValidity], [JobStatusId], [BankAccountNumber], [ColleagueTicketCollectorId]) VALUES (94, 7, 911265642, N'Guadalupe', N'Pruitt', CAST(N'2019-05-23' AS Date), CAST(N'1974-08-29' AS Date), 82375, CAST(N'2020-02-14' AS Date), 2, N'00314352027151340471430582', 42)
INSERT [dbo].[TicketCollector] ([TicketCollectorId], [CompanyId], [ControlScheduleId], [Name], [Surname], [MedicalExamValidity], [BirthDate], [LicenseNumber], [TrainingValidity], [JobStatusId], [BankAccountNumber], [ColleagueTicketCollectorId]) VALUES (95, 6, 1432659748, N'Theresa', N'Burton', CAST(N'2022-03-28' AS Date), CAST(N'1970-01-21' AS Date), 91653, CAST(N'2021-10-27' AS Date), 3, N'39608391875113801426383513', 43)
INSERT [dbo].[TicketCollector] ([TicketCollectorId], [CompanyId], [ControlScheduleId], [Name], [Surname], [MedicalExamValidity], [BirthDate], [LicenseNumber], [TrainingValidity], [JobStatusId], [BankAccountNumber], [ColleagueTicketCollectorId]) VALUES (96, 8, 1430161926, N'Lawanda', N'Monroe', CAST(N'2021-01-10' AS Date), CAST(N'1973-12-21' AS Date), 38544, CAST(N'2020-12-12' AS Date), 4, N'36083152342875056436753806', NULL)
INSERT [dbo].[TicketCollector] ([TicketCollectorId], [CompanyId], [ControlScheduleId], [Name], [Surname], [MedicalExamValidity], [BirthDate], [LicenseNumber], [TrainingValidity], [JobStatusId], [BankAccountNumber], [ColleagueTicketCollectorId]) VALUES (97, 2, NULL, N'Jeanne', N'Guerrero', CAST(N'2020-05-18' AS Date), CAST(N'1971-08-29' AS Date), 44930, CAST(N'2022-01-04' AS Date), 1, N'54609546489105155964023608', NULL)
INSERT [dbo].[TicketCollector] ([TicketCollectorId], [CompanyId], [ControlScheduleId], [Name], [Surname], [MedicalExamValidity], [BirthDate], [LicenseNumber], [TrainingValidity], [JobStatusId], [BankAccountNumber], [ColleagueTicketCollectorId]) VALUES (98, 7, 254028999, N'Lucas', N'Paul', CAST(N'2021-08-15' AS Date), CAST(N'1995-09-23' AS Date), 16282, CAST(N'2021-07-02' AS Date), 2, N'27318759773323857733060794', 44)
INSERT [dbo].[TicketCollector] ([TicketCollectorId], [CompanyId], [ControlScheduleId], [Name], [Surname], [MedicalExamValidity], [BirthDate], [LicenseNumber], [TrainingValidity], [JobStatusId], [BankAccountNumber], [ColleagueTicketCollectorId]) VALUES (99, 6, 200238173, N'Mia', N'Blanchard', CAST(N'2022-11-21' AS Date), CAST(N'1957-01-19' AS Date), 19975, CAST(N'2020-11-17' AS Date), 3, N'52190082917135537263027697', NULL)
GO
INSERT [dbo].[TicketCollector] ([TicketCollectorId], [CompanyId], [ControlScheduleId], [Name], [Surname], [MedicalExamValidity], [BirthDate], [LicenseNumber], [TrainingValidity], [JobStatusId], [BankAccountNumber], [ColleagueTicketCollectorId]) VALUES (100, 6, 2041288346, N'Barry', N'Velez', CAST(N'2022-02-15' AS Date), CAST(N'1992-04-03' AS Date), 88906, CAST(N'2024-08-29' AS Date), 4, N'65651369767324194069743253', 45)
SET IDENTITY_INSERT [dbo].[TicketCollector] OFF
SET IDENTITY_INSERT [dbo].[UserLogin] NO
INSERT [dbo].[UserLogin] ([LoginId], [Login], [Password], [PermissionId], [PhoneNumber], [Email], [PESEL]) VALUES (1, N'Boguc', N'abd123', 1, N'123456789', N'abc@bcd.pl', N'941222123')
INSERT [dbo].[UserLogin] ([LoginId], [Login], [Password], [PermissionId], [PhoneNumber], [Email], [PESEL]) VALUES (2, N'Hajduk', N'abc123', 2, N'987546789', N'ada@das.pl', N'540112123')
INSERT [dbo].[UserLogin] ([LoginId], [Login], [Password], [PermissionId], [PhoneNumber], [Email], [PESEL]) VALUES (3, N'admin', N'admin', 3, N'131232133', N'admin@admin.pl', N'864764353')
INSERT [dbo].[UserLogin] ([LoginId], [Login], [Password], [PermissionId], [PhoneNumber], [Email], [PESEL]) VALUES (4, N'Grazynka', N'Halyna', 4, N'123456781', N'Halyn@grazyna.pl', N'425663433')
INSERT [dbo].[UserLogin] ([LoginId], [Login], [Password], [PermissionId], [PhoneNumber], [Email], [PESEL]) VALUES (5, N'Joyce', N'Greer', 1, N'423452245', N'Joyce@greer.com', N'445441249')
SET IDENTITY_INSERT [dbo].[UserLogin] OFF
SET IDENTITY_INSERT [meta].[CompanyName] ON 

INSERT [meta].[CompanyName] ([CompanyNameId], [CompanyName], [NationalBusinessRegistryNumber], [TaxNumber]) VALUES (1, N'Snails Meat  Enterprise', N'025-22-7806', N'39711778174292')
INSERT [meta].[CompanyName] ([CompanyNameId], [CompanyName], [NationalBusinessRegistryNumber], [TaxNumber]) VALUES (2, N'Shell  Poultry  S.A.', N'453-24-5185', N'78546399847310')
INSERT [meta].[CompanyName] ([CompanyNameId], [CompanyName], [NationalBusinessRegistryNumber], [TaxNumber]) VALUES (3, N'Shell  Fish z.o.o.', N'787-12-3488', N'07419327174866')
INSERT [meta].[CompanyName] ([CompanyNameId], [CompanyName], [NationalBusinessRegistryNumber], [TaxNumber]) VALUES (4, N'Confections Snails Inc.', N'555-22-0718', N'48734230063087')
INSERT [meta].[CompanyName] ([CompanyNameId], [CompanyName], [NationalBusinessRegistryNumber], [TaxNumber]) VALUES (5, N'Cereals Cereals  S.A.', N'237-88-2779', N'36857787364146')
INSERT [meta].[CompanyName] ([CompanyNameId], [CompanyName], [NationalBusinessRegistryNumber], [TaxNumber]) VALUES (6, N'Beverages Grain Inc.', N'545-23-6687', N'53329867536635')
INSERT [meta].[CompanyName] ([CompanyNameId], [CompanyName], [NationalBusinessRegistryNumber], [TaxNumber]) VALUES (7, N'Produce Cereals Corp.', N'903-24-6016', N'33064800895047')
INSERT [meta].[CompanyName] ([CompanyNameId], [CompanyName], [NationalBusinessRegistryNumber], [TaxNumber]) VALUES (8, N'Meat Beverages Inc.', N'414-46-8614', N'09380076757832')
INSERT [meta].[CompanyName] ([CompanyNameId], [CompanyName], [NationalBusinessRegistryNumber], [TaxNumber]) VALUES (9, N'Produce Meat  Enterprise', N'798-91-3607', N'04283017234242')
INSERT [meta].[CompanyName] ([CompanyNameId], [CompanyName], [NationalBusinessRegistryNumber], [TaxNumber]) VALUES (10, N'Shell  Beverages  z.o.o.', N'549-72-4771', N'82043634445720')
SET IDENTITY_INSERT [meta].[CompanyName] OFF
SET IDENTITY_INSERT [meta].[ComplaintStatus] ON 

INSERT [meta].[ComplaintStatus] ([ComplaintStatusId], [ComplaintStatus]) VALUES (1, N'pending')
INSERT [meta].[ComplaintStatus] ([ComplaintStatusId], [ComplaintStatus]) VALUES (2, N'approved')
INSERT [meta].[ComplaintStatus] ([ComplaintStatusId], [ComplaintStatus]) VALUES (3, N'rejected')
SET IDENTITY_INSERT [meta].[ComplaintStatus] OFF
SET IDENTITY_INSERT [meta].[ContractType] ON 

INSERT [meta].[ContractType] ([ContractTypeId], [ContractType], [Commission], [FineQuota], [BaseGrossSalary]) VALUES (1, N'Full time', 8, 47, 2000)
INSERT [meta].[ContractType] ([ContractTypeId], [ContractType], [Commission], [FineQuota], [BaseGrossSalary]) VALUES (2, N'Freelancer', 0, 15, 2150)
INSERT [meta].[ContractType] ([ContractTypeId], [ContractType], [Commission], [FineQuota], [BaseGrossSalary]) VALUES (3, N'Seasonal', 16, 25, 2300)
INSERT [meta].[ContractType] ([ContractTypeId], [ContractType], [Commission], [FineQuota], [BaseGrossSalary]) VALUES (4, N'Part time', 13, 43, 2450)
INSERT [meta].[ContractType] ([ContractTypeId], [ContractType], [Commission], [FineQuota], [BaseGrossSalary]) VALUES (5, N'Temporary contract', 6, 39, 2600)
INSERT [meta].[ContractType] ([ContractTypeId], [ContractType], [Commission], [FineQuota], [BaseGrossSalary]) VALUES (6, N'Zero hour contract', 0, 45, 2750)
SET IDENTITY_INSERT [meta].[ContractType] OFF
SET IDENTITY_INSERT [meta].[DocumentType] ON 

INSERT [meta].[DocumentType] ([DocumentTypeId], [DocumentType]) VALUES (1, N'ID card')
INSERT [meta].[DocumentType] ([DocumentTypeId], [DocumentType]) VALUES (2, N'Driving license')
INSERT [meta].[DocumentType] ([DocumentTypeId], [DocumentType]) VALUES (3, N'Students card')
INSERT [meta].[DocumentType] ([DocumentTypeId], [DocumentType]) VALUES (4, N'Passport')
INSERT [meta].[DocumentType] ([DocumentTypeId], [DocumentType]) VALUES (5, N'Citzenship certificate')
INSERT [meta].[DocumentType] ([DocumentTypeId], [DocumentType]) VALUES (6, N'Birth certificate')
INSERT [meta].[DocumentType] ([DocumentTypeId], [DocumentType]) VALUES (7, N'Marriage certificate')
SET IDENTITY_INSERT [meta].[DocumentType] OFF
SET IDENTITY_INSERT [meta].[FineType] ON 

INSERT [meta].[FineType] ([FineTypeId], [FineType], [FineAmount]) VALUES (1, N'unproper behaviour', 300)
INSERT [meta].[FineType] ([FineTypeId], [FineType], [FineAmount]) VALUES (2, N'no ticket', 480)
INSERT [meta].[FineType] ([FineTypeId], [FineType], [FineAmount]) VALUES (3, N'wrong area', 299)
INSERT [meta].[FineType] ([FineTypeId], [FineType], [FineAmount]) VALUES (4, N'other', 432)
INSERT [meta].[FineType] ([FineTypeId], [FineType], [FineAmount]) VALUES (5, N'ticket at home', 490)
INSERT [meta].[FineType] ([FineTypeId], [FineType], [FineAmount]) VALUES (6, N'wrong ticket', 429)
INSERT [meta].[FineType] ([FineTypeId], [FineType], [FineAmount]) VALUES (7, N'ticket expired', 357)
SET IDENTITY_INSERT [meta].[FineType] OFF
SET IDENTITY_INSERT [meta].[JobStatus] ON 

INSERT [meta].[JobStatus] ([JobStatusId], [JobStatus]) VALUES (1, N'sick leave')
INSERT [meta].[JobStatus] ([JobStatusId], [JobStatus]) VALUES (2, N'vacation')
INSERT [meta].[JobStatus] ([JobStatusId], [JobStatus]) VALUES (3, N'suspended')
INSERT [meta].[JobStatus] ([JobStatusId], [JobStatus]) VALUES (4, N'working')
SET IDENTITY_INSERT [meta].[JobStatus] OFF
SET IDENTITY_INSERT [meta].[MeanOfTansport] ON 

INSERT [meta].[MeanOfTansport] ([MeanOfTransportId], [TransportName]) VALUES (1, N'Bus')
INSERT [meta].[MeanOfTansport] ([MeanOfTransportId], [TransportName]) VALUES (2, N'River boat')
INSERT [meta].[MeanOfTansport] ([MeanOfTransportId], [TransportName]) VALUES (3, N'Ropeway wagon')
INSERT [meta].[MeanOfTansport] ([MeanOfTransportId], [TransportName]) VALUES (4, N'Tram')
INSERT [meta].[MeanOfTansport] ([MeanOfTransportId], [TransportName]) VALUES (5, N'Subway')
SET IDENTITY_INSERT [meta].[MeanOfTansport] OFF
SET IDENTITY_INSERT [meta].[PaymentStatus] ON 

INSERT [meta].[PaymentStatus] ([PaymentStatusId], [PaymentStatus]) VALUES (1, N'pending')
INSERT [meta].[PaymentStatus] ([PaymentStatusId], [PaymentStatus]) VALUES (2, N'overdue')
INSERT [meta].[PaymentStatus] ([PaymentStatusId], [PaymentStatus]) VALUES (3, N'accepted')
SET IDENTITY_INSERT [meta].[PaymentStatus] OFF
SET IDENTITY_INSERT [meta].[PermissionType] ON 
INSERT [meta].[PermissionType] ([PermissionId], [PermissionType]) VALUES (1, N'Passenger')
INSERT [meta].[PermissionType] ([PermissionId], [PermissionType]) VALUES (2, N'TicketController')
INSERT [meta].[PermissionType] ([PermissionId], [PermissionType]) VALUES (3, N'Admin')
INSERT [meta].[PermissionType] ([PermissionId], [PermissionType]) VALUES (4, N'OfficeWorker')
SET IDENTITY_INSERT [meta].[PermissionType] OFF 
SET IDENTITY_INSERT [meta].[Region] ON 

INSERT [meta].[Region] ([RegionId], [RegionName]) VALUES (1, N'NE-CH')
INSERT [meta].[Region] ([RegionId], [RegionName]) VALUES (2, N'CO-KS')
INSERT [meta].[Region] ([RegionId], [RegionName]) VALUES (3, N'IA-JX')
INSERT [meta].[Region] ([RegionId], [RegionName]) VALUES (4, N'ID-DT')
INSERT [meta].[Region] ([RegionId], [RegionName]) VALUES (5, N'NE-OP')
INSERT [meta].[Region] ([RegionId], [RegionName]) VALUES (6, N'MO-KC')
INSERT [meta].[Region] ([RegionId], [RegionName]) VALUES (7, N'CA-AV')
INSERT [meta].[Region] ([RegionId], [RegionName]) VALUES (8, N'RI-XK')
INSERT [meta].[Region] ([RegionId], [RegionName]) VALUES (9, N'OR-RW')
INSERT [meta].[Region] ([RegionId], [RegionName]) VALUES (10, N'OK-ED')
INSERT [meta].[Region] ([RegionId], [RegionName]) VALUES (11, N'WV-VR')
INSERT [meta].[Region] ([RegionId], [RegionName]) VALUES (12, N'NY-CW')
INSERT [meta].[Region] ([RegionId], [RegionName]) VALUES (13, N'SD-YQ')
INSERT [meta].[Region] ([RegionId], [RegionName]) VALUES (14, N'GA-FT')
INSERT [meta].[Region] ([RegionId], [RegionName]) VALUES (15, N'CO-UR')
INSERT [meta].[Region] ([RegionId], [RegionName]) VALUES (16, N'MD-YJ')
INSERT [meta].[Region] ([RegionId], [RegionName]) VALUES (17, N'IA-SH')
INSERT [meta].[Region] ([RegionId], [RegionName]) VALUES (18, N'ID-ML')
INSERT [meta].[Region] ([RegionId], [RegionName]) VALUES (19, N'FL-DN')
INSERT [meta].[Region] ([RegionId], [RegionName]) VALUES (20, N'AZ-PY')
INSERT [meta].[Region] ([RegionId], [RegionName]) VALUES (21, N'NV-EN')
INSERT [meta].[Region] ([RegionId], [RegionName]) VALUES (22, N'MT-HS')
INSERT [meta].[Region] ([RegionId], [RegionName]) VALUES (23, N'SD-PF')
INSERT [meta].[Region] ([RegionId], [RegionName]) VALUES (24, N'NE-XR')
INSERT [meta].[Region] ([RegionId], [RegionName]) VALUES (25, N'KY-BO')
SET IDENTITY_INSERT [meta].[Region] OFF